Sample_Name	file	mate	structure	construct_type	celltype	genome
P4_1_Fw	6571_1_P4_1_Fw_TAAGGCGA-TAGATCGC_S2_R1_001.fastq.gz	R1	For_PB	PB	mESC	mm10
P4_2_Fw	6571_2_P4_2_Fw_TAAGGCGA-CTCTCTAT_S5_R1_001.fastq.gz	R1	For_PB	PB	mESC	mm10
P4_3_Fw	6571_3_P4_3_Fw_TAAGGCGA-TATCCTCT_S4_R1_001.fastq.gz	R1	For_PB	PB	mESC	mm10
P5_1_Fw	6571_4_P5_1_Fw_TAAGGCGA-AGAGTAGA_S8_R1_001.fastq.gz	R1	For_PB	PB	mESC	mm10
P5_2_Fw	6571_5_P5_2_Fw_CGTACTAG-GTAAGGAG_S9_R1_001.fastq.gz	R1	For_PB	PB	mESC	mm10
P5_3_Fw	6571_6_P5_3_Fw_CGTACTAG-ACTGCATA_S7_R1_001.fastq.gz	R1	For_PB	PB	mESC	mm10
P6_1_Fw	6571_7_P6_1_Fw_CGTACTAG-AAGGAGTA_S12_R1_001.fastq.gz	R1	For_PB	PB	mESC	mm10
P6_2_Fw	6571_8_P6_2_Fw_CGTACTAG-CTAAGCCT_S13_R1_001.fastq.gz	R1	For_PB	PB	mESC	mm10
P6_3_Fw	6571_9_P6_3_Fw_AGGCAGAA-TAGATCGC_S14_R1_001.fastq.gz	R1	For_PB	PB	mESC	mm10
F7_1_Fw	6571_10_F7_1_Fw_AGGCAGAA-CTCTCTAT_S11_R1_001.fastq.gz	R1	For_PB	PB	mESC	mm10
F7_2_Fw	6571_11_F7_2_Fw_AGGCAGAA-TATCCTCT_S17_R1_001.fastq.gz	R1	For_PB	PB	mESC	mm10
F7_3_Fw	6571_12_F7_3_Fw_AGGCAGAA-AGAGTAGA_S18_R1_001.fastq.gz	R1	For_PB	PB	mESC	mm10
P4_4_Fw	6571_13_P4_4_Fw_TCCTGAGC-GTAAGGAG_S20_R1_001.fastq.gz	R1	For_PB	PB	mESC	mm10
P5_4_Fw	6571_14_P5_4_Fw_TCCTGAGC-ACTGCATA_S19_R1_001.fastq.gz	R1	For_PB	PB	mESC	mm10
P6_4_Fw	6571_15_P6_4_Fw_TCCTGAGC-AAGGAGTA_S16_R1_001.fastq.gz	R1	For_PB	PB	mESC	mm10
F7_4_Fw	6571_16_F7_4_Fw_TCCTGAGC-CTAAGCCT_S24_R1_001.fastq.gz	R1	For_PB	PB	mESC	mm10
P4_5_Fw	6571_18_P4_5_Fw_GGACTCCT-CGTCTAAT_S23_R1_001.fastq.gz	R1	For_PB	PB	mESC	mm10
P5_5_Fw	6571_19_P5_5_Fw_GGACTCCT-TCTCTCCG_S22_R1_001.fastq.gz	R1	For_PB	PB	mESC	mm10
P4_1_Rv	6571_20_P4_1_Rv_GGACTCCT-TCGACTAG_S1_R1_001.fastq.gz	R1	Rev_PB	PB	mESC	mm10
P4_2_Rv	6571_21_P4_2_Rv_GGACTCCT-TTCTAGCT_S3_R1_001.fastq.gz	R1	Rev_PB	PB	mESC	mm10
P4_3_Rv	6571_22_P4_3_Rv_CTCTCTAC-CCTAGAGT_S6_R1_001.fastq.gz	R1	Rev_PB	PB	mESC	mm10
P5_1_Rv	6571_23_P5_1_Rv_CTCTCTAC-GCGTAAGA_S28_R1_001.fastq.gz	R1	Rev_PB	PB	mESC	mm10
P5_2_Rv	6571_24_P5_2_Rv_CTCTCTAC-CTATTAAG_S10_R1_001.fastq.gz	R1	Rev_PB	PB	mESC	mm10
P5_3_Rv	6571_25_P5_3_Rv_CTCTCTAC-AAGGCTAT_S27_R1_001.fastq.gz	R1	Rev_PB	PB	mESC	mm10
P6_1_Rv	6571_26_P6_1_Rv_CAGAGAGG-CGTCTAAT_S26_R1_001.fastq.gz	R1	Rev_PB	PB	mESC	mm10
P6_2_Rv	6571_27_P6_2_Rv_CAGAGAGG-TCTCTCCG_S15_R1_001.fastq.gz	R1	Rev_PB	PB	mESC	mm10
P6_3_Rv	6571_28_P6_3_Rv_CAGAGAGG-TCGACTAG_S29_R1_001.fastq.gz	R1	Rev_PB	PB	mESC	mm10
F7_1_Rv	6571_29_F7_1_Rv_CAGAGAGG-TTCTAGCT_S30_R1_001.fastq.gz	R1	Rev_PB	PB	mESC	mm10
F7_2_Rv	6571_30_F7_2_Rv_GCTACGCT-CCTAGAGT_S21_R1_001.fastq.gz	R1	Rev_PB	PB	mESC	mm10
F7_3_Rv	6571_31_F7_3_Rv_GCTACGCT-GCGTAAGA_S31_R1_001.fastq.gz	R1	Rev_PB	PB	mESC	mm10
P4_4_Rv	6571_32_P4_4_Rv_GCTACGCT-CTATTAAG_S25_R1_001.fastq.gz	R1	Rev_PB	PB	mESC	mm10
P5_4_Rv	6571_33_P5_4_Rv_GCTACGCT-AAGGCTAT_S32_R1_001.fastq.gz	R1	Rev_PB	PB	mESC	mm10
P6_4_Rv	6571_34_P6_4_Rv_AAGAGGCA-CTCTCTAT_S33_R1_001.fastq.gz	R1	Rev_PB	PB	mESC	mm10
F7_4_Rv	6571_35_F7_4_Rv_AAGAGGCA-TCTCTCCG_S34_R1_001.fastq.gz	R1	Rev_PB	PB	mESC	mm10
P4_5_Rv	6571_36_P4_5_Rv_AAGAGGCA-GTAAGGAG_S35_R1_001.fastq.gz	R1	Rev_PB	PB	mESC	mm10
P5_5_Rv	6571_37_P5_5_Rv_AAGAGGCA-CCTAGAGT_S36_R1_001.fastq.gz	R1	Rev_PB	PB	mESC	mm10
P4_1_Fw	6571_1_P4_1_Fw_TAAGGCGA-TAGATCGC_S2_R2_001.fastq.gz	R2	For_PB	PB	mESC	mm10
P4_2_Fw	6571_2_P4_2_Fw_TAAGGCGA-CTCTCTAT_S5_R2_001.fastq.gz	R2	For_PB	PB	mESC	mm10
P4_3_Fw	6571_3_P4_3_Fw_TAAGGCGA-TATCCTCT_S4_R2_001.fastq.gz	R2	For_PB	PB	mESC	mm10
P5_1_Fw	6571_4_P5_1_Fw_TAAGGCGA-AGAGTAGA_S8_R2_001.fastq.gz	R2	For_PB	PB	mESC	mm10
P5_2_Fw	6571_5_P5_2_Fw_CGTACTAG-GTAAGGAG_S9_R2_001.fastq.gz	R2	For_PB	PB	mESC	mm10
P5_3_Fw	6571_6_P5_3_Fw_CGTACTAG-ACTGCATA_S7_R2_001.fastq.gz	R2	For_PB	PB	mESC	mm10
P6_1_Fw	6571_7_P6_1_Fw_CGTACTAG-AAGGAGTA_S12_R2_001.fastq.gz	R2	For_PB	PB	mESC	mm10
P6_2_Fw	6571_8_P6_2_Fw_CGTACTAG-CTAAGCCT_S13_R2_001.fastq.gz	R2	For_PB	PB	mESC	mm10
P6_3_Fw	6571_9_P6_3_Fw_AGGCAGAA-TAGATCGC_S14_R2_001.fastq.gz	R2	For_PB	PB	mESC	mm10
F7_1_Fw	6571_10_F7_1_Fw_AGGCAGAA-CTCTCTAT_S11_R2_001.fastq.gz	R2	For_PB	PB	mESC	mm10
F7_2_Fw	6571_11_F7_2_Fw_AGGCAGAA-TATCCTCT_S17_R2_001.fastq.gz	R2	For_PB	PB	mESC	mm10
F7_3_Fw	6571_12_F7_3_Fw_AGGCAGAA-AGAGTAGA_S18_R2_001.fastq.gz	R2	For_PB	PB	mESC	mm10
P4_4_Fw	6571_13_P4_4_Fw_TCCTGAGC-GTAAGGAG_S20_R2_001.fastq.gz	R2	For_PB	PB	mESC	mm10
P5_4_Fw	6571_14_P5_4_Fw_TCCTGAGC-ACTGCATA_S19_R2_001.fastq.gz	R2	For_PB	PB	mESC	mm10
P6_4_Fw	6571_15_P6_4_Fw_TCCTGAGC-AAGGAGTA_S16_R2_001.fastq.gz	R2	For_PB	PB	mESC	mm10
F7_4_Fw	6571_16_F7_4_Fw_TCCTGAGC-CTAAGCCT_S24_R2_001.fastq.gz	R2	For_PB	PB	mESC	mm10
P4_5_Fw	6571_18_P4_5_Fw_GGACTCCT-CGTCTAAT_S23_R2_001.fastq.gz	R2	For_PB	PB	mESC	mm10
P5_5_Fw	6571_19_P5_5_Fw_GGACTCCT-TCTCTCCG_S22_R2_001.fastq.gz	R2	For_PB	PB	mESC	mm10
P4_1_Rv	6571_20_P4_1_Rv_GGACTCCT-TCGACTAG_S1_R2_001.fastq.gz	R2	Rev_PB	PB	mESC	mm10
P4_2_Rv	6571_21_P4_2_Rv_GGACTCCT-TTCTAGCT_S3_R2_001.fastq.gz	R2	Rev_PB	PB	mESC	mm10
P4_3_Rv	6571_22_P4_3_Rv_CTCTCTAC-CCTAGAGT_S6_R2_001.fastq.gz	R2	Rev_PB	PB	mESC	mm10
P5_1_Rv	6571_23_P5_1_Rv_CTCTCTAC-GCGTAAGA_S28_R2_001.fastq.gz	R2	Rev_PB	PB	mESC	mm10
P5_2_Rv	6571_24_P5_2_Rv_CTCTCTAC-CTATTAAG_S10_R2_001.fastq.gz	R2	Rev_PB	PB	mESC	mm10
P5_3_Rv	6571_25_P5_3_Rv_CTCTCTAC-AAGGCTAT_S27_R2_001.fastq.gz	R2	Rev_PB	PB	mESC	mm10
P6_1_Rv	6571_26_P6_1_Rv_CAGAGAGG-CGTCTAAT_S26_R2_001.fastq.gz	R2	Rev_PB	PB	mESC	mm10
P6_2_Rv	6571_27_P6_2_Rv_CAGAGAGG-TCTCTCCG_S15_R2_001.fastq.gz	R2	Rev_PB	PB	mESC	mm10
P6_3_Rv	6571_28_P6_3_Rv_CAGAGAGG-TCGACTAG_S29_R2_001.fastq.gz	R2	Rev_PB	PB	mESC	mm10
F7_1_Rv	6571_29_F7_1_Rv_CAGAGAGG-TTCTAGCT_S30_R2_001.fastq.gz	R2	Rev_PB	PB	mESC	mm10
F7_2_Rv	6571_30_F7_2_Rv_GCTACGCT-CCTAGAGT_S21_R2_001.fastq.gz	R2	Rev_PB	PB	mESC	mm10
F7_3_Rv	6571_31_F7_3_Rv_GCTACGCT-GCGTAAGA_S31_R2_001.fastq.gz	R2	Rev_PB	PB	mESC	mm10
P4_4_Rv	6571_32_P4_4_Rv_GCTACGCT-CTATTAAG_S25_R2_001.fastq.gz	R2	Rev_PB	PB	mESC	mm10
P5_4_Rv	6571_33_P5_4_Rv_GCTACGCT-AAGGCTAT_S32_R2_001.fastq.gz	R2	Rev_PB	PB	mESC	mm10
P6_4_Rv	6571_34_P6_4_Rv_AAGAGGCA-CTCTCTAT_S33_R2_001.fastq.gz	R2	Rev_PB	PB	mESC	mm10
F7_4_Rv	6571_35_F7_4_Rv_AAGAGGCA-TCTCTCCG_S34_R2_001.fastq.gz	R2	Rev_PB	PB	mESC	mm10
P4_5_Rv	6571_36_P4_5_Rv_AAGAGGCA-GTAAGGAG_S35_R2_001.fastq.gz	R2	Rev_PB	PB	mESC	mm10
P5_5_Rv	6571_37_P5_5_Rv_AAGAGGCA-CCTAGAGT_S36_R2_001.fastq.gz	R2	Rev_PB	PB	mESC	mm10
