Sample_name	structure	mate	file	construct_type	Celltype	genome
mESCs_wt6_Fw_PB	For_PB	R1	5841_1_wt_6_fwd_TAAGGCGA-TAGATCGC_S1_R1_001.fastq.gz	PB	mESCs	mm10
mESCs_wt6_Fw_PB	For_PB	R2	5841_1_wt_6_fwd_TAAGGCGA-TAGATCGC_S1_R2_001.fastq.gz	PB	mESCs	mm10
mESCs_wt6_Rv_PB	Rev_PB	R1	5841_6_wt_6_rev_CGTACTAG-TAGATCGC_S6_R1_001.fastq.gz	PB	mESCs	mm10
mESCs_wt6_Rv_PB	Rev_PB	R2	5841_6_wt_6_rev_CGTACTAG-TAGATCGC_S6_R2_001.fastq.gz	PB	mESCs	mm10
mESCs_wt8_Fw_PB	For_PB	R1	5841_2_wt_8_fwd_TAAGGCGA-CTCTCTAT_S2_R1_001.fastq.gz	PB	mESCs	mm10
mESCs_wt8_Fw_PB	For_PB	R2	5841_2_wt_8_fwd_TAAGGCGA-CTCTCTAT_S2_R2_001.fastq.gz	PB	mESCs	mm10
mESCs_wt8_Rv_PB	Rev_PB	R1	5841_7_wt_8_rev_CGTACTAG-CTCTCTAT_S7_R1_001.fastq.gz	PB	mESCs	mm10
mESCs_wt8_Rv_PB	Rev_PB	R2	5841_7_wt_8_rev_CGTACTAG-CTCTCTAT_S7_R2_001.fastq.gz	PB	mESCs	mm10
mESCs_wt18_Fw_PB	For_PB	R1	5841_3_wt_18_fwd_TAAGGCGA-TATCCTCT_S3_R1_001.fastq.gz	PB	mESCs	mm10
mESCs_wt18_Fw_PB	For_PB	R2	5841_3_wt_18_fwd_TAAGGCGA-TATCCTCT_S3_R2_001.fastq.gz	PB	mESCs	mm10
mESCs_wt18_Rv_PB	Rev_PB	R1	5841_8_wt_18_rev_CGTACTAG-TATCCTCT_S8_R1_001.fastq.gz	PB	mESCs	mm10
mESCs_wt18_Rv_PB	Rev_PB	R2	5841_8_wt_18_rev_CGTACTAG-TATCCTCT_S8_R2_001.fastq.gz	PB	mESCs	mm10
mESCs_wt84_Fw_PB	For_PB	R1	5841_4_wt_84_fwd_TAAGGCGA-AGAGTAGA_S4_R1_001.fastq.gz	PB	mESCs	mm10
mESCs_wt84_Fw_PB	For_PB	R2	5841_4_wt_84_fwd_TAAGGCGA-AGAGTAGA_S4_R2_001.fastq.gz	PB	mESCs	mm10
mESCs_wt84_Rv_PB	Rev_PB	R1	5841_9_wt_84_rev_CGTACTAG-AGAGTAGA_S9_R1_001.fastq.gz	PB	mESCs	mm10
mESCs_wt84_Rv_PB	Rev_PB	R2	5841_9_wt_84_rev_CGTACTAG-AGAGTAGA_S9_R2_001.fastq.gz	PB	mESCs	mm10
mESCs_wt89_Fw_PB	For_PB	R1	5841_5_wt_89_fwd_TAAGGCGA-GTAAGGAG_S5_R1_001.fastq.gz	PB	mESCs	mm10
mESCs_wt89_Fw_PB	For_PB	R2	5841_5_wt_89_fwd_TAAGGCGA-GTAAGGAG_S5_R2_001.fastq.gz	PB	mESCs	mm10
mESCs_wt89_Rv_PB	Rev_PB	R1	5841_10_wt_89_rev_CGTACTAG-GTAAGGAG_S10_R1_001.fastq.gz	PB	mESCs	mm10
mESCs_wt89_Rv_PB	Rev_PB	R2	5841_10_wt_89_rev_CGTACTAG-GTAAGGAG_S10_R2_001.fastq.gz	PB	mESCs	mm10
