Sample_name	file	mate	structure	construct_type	celltype	genome
8_SB_fwd	6387_8_8_SB_fwd_GCTACGCT-AAGGCTAT_S13_R1_001.fastq.gz	R1	For_SB_b	SB	mESC	mm10
8_SB_fwd	6387_8_8_SB_fwd_GCTACGCT-AAGGCTAT_S13_R2_001.fastq.gz	R2	For_SB_b	SB	mESC	mm10
9_SB_fwd	6387_9_9_SB_fwd_GCTACGCT-GAGCCTTA_S14_R1_001.fastq.gz	R1	For_SB_b	SB	mESC	mm10
9_SB_fwd	6387_9_9_SB_fwd_GCTACGCT-GAGCCTTA_S14_R2_001.fastq.gz	R2	For_SB_b	SB	mESC	mm10
10_SB_fwd	6387_10_10_SB_fwd_CGAGGCTG-CGTCTAAT_S11_R1_001.fastq.gz	R1	For_SB_b	SB	mESC	mm10
10_SB_fwd	6387_10_10_SB_fwd_CGAGGCTG-CGTCTAAT_S11_R2_001.fastq.gz	R2	For_SB_b	SB	mESC	mm10
11_SB_fwd	6387_11_11_SB_fwd_CGAGGCTG-TCTCTCCG_S17_R1_001.fastq.gz	R1	For_SB_b	SB	mESC	mm10
11_SB_fwd	6387_11_11_SB_fwd_CGAGGCTG-TCTCTCCG_S17_R2_001.fastq.gz	R2	For_SB_b	SB	mESC	mm10
13_SB_fwd	6387_13_13_SB_fwd_CGAGGCTG-TTCTAGCT_S18_R1_001.fastq.gz	R1	For_SB_b	SB	mESC	mm10
13_SB_fwd	6387_13_13_SB_fwd_CGAGGCTG-TTCTAGCT_S18_R2_001.fastq.gz	R2	For_SB_b	SB	mESC	mm10
15_SB_fwd	6387_15_15_SB_fwd_CGAGGCTG-CTATTAAG_S20_R1_001.fastq.gz	R1	For_SB_b	SB	mESC	mm10
15_SB_fwd	6387_15_15_SB_fwd_CGAGGCTG-CTATTAAG_S20_R2_001.fastq.gz	R2	For_SB_b	SB	mESC	mm10
26_SB_rev	6387_26_26_SB_rev_AAGAGGCA-AAGGCTAT_S28_R1_001.fastq.gz	R1	Rev_SB_b	SB	mESC	mm10
26_SB_rev	6387_26_26_SB_rev_AAGAGGCA-AAGGCTAT_S28_R2_001.fastq.gz	R2	Rev_SB_b	SB	mESC	mm10
27_SB_rev	6387_27_27_SB_rev_AAGAGGCA-GAGCCTTA_S10_R1_001.fastq.gz	R1	Rev_SB_b	SB	mESC	mm10
27_SB_rev	6387_27_27_SB_rev_AAGAGGCA-GAGCCTTA_S10_R2_001.fastq.gz	R2	Rev_SB_b	SB	mESC	mm10
28_SB_rev	6387_28_28_SB_rev_GTAGAGGA-CGTCTAAT_S27_R1_001.fastq.gz	R1	Rev_SB_b	SB	mESC	mm10
28_SB_rev	6387_28_28_SB_rev_GTAGAGGA-CGTCTAAT_S27_R2_001.fastq.gz	R2	Rev_SB_b	SB	mESC	mm10
29_SB_rev	6387_29_29_SB_rev_GTAGAGGA-TCTCTCCG_S26_R1_001.fastq.gz	R1	Rev_SB_b	SB	mESC	mm10
29_SB_rev	6387_29_29_SB_rev_GTAGAGGA-TCTCTCCG_S26_R2_001.fastq.gz	R2	Rev_SB_b	SB	mESC	mm10
31_SB_rev	6387_31_31_SB_rev_GTAGAGGA-TTCTAGCT_S15_R1_001.fastq.gz	R1	Rev_SB_b	SB	mESC	mm10
31_SB_rev	6387_31_31_SB_rev_GTAGAGGA-TTCTAGCT_S15_R2_001.fastq.gz	R2	Rev_SB_b	SB	mESC	mm10
33_SB_rev	6387_33_33_SB_rev_GTAGAGGA-CTATTAAG_S29_R1_001.fastq.gz	R1	Rev_SB_b	SB	mESC	mm10
33_SB_rev	6387_33_33_SB_rev_GTAGAGGA-CTATTAAG_S29_R2_001.fastq.gz	R2	Rev_SB_b	SB	mESC	mm10
1_SB_fwd	6387_1_1_SB_fwd_GCTACGCT-CGTCTAAT_S2_R1_001.fastq.gz	R1	For_SB	SB	mESC	mm10
1_SB_fwd	6387_1_1_SB_fwd_GCTACGCT-CGTCTAAT_S2_R2_001.fastq.gz	R2	For_SB	SB	mESC	mm10
2_SB_fwd	6387_2_2_SB_fwd_GCTACGCT-TCTCTCCG_S5_R1_001.fastq.gz	R1	For_SB	SB	mESC	mm10
2_SB_fwd	6387_2_2_SB_fwd_GCTACGCT-TCTCTCCG_S5_R2_001.fastq.gz	R2	For_SB	SB	mESC	mm10
3_SB_fwd	6387_3_3_SB_fwd_GCTACGCT-TCGACTAG_S4_R1_001.fastq.gz	R1	For_SB	SB	mESC	mm10
3_SB_fwd	6387_3_3_SB_fwd_GCTACGCT-TCGACTAG_S4_R2_001.fastq.gz	R2	For_SB	SB	mESC	mm10
4_SB_fwd	6387_4_4_SB_fwd_GCTACGCT-TTCTAGCT_S8_R1_001.fastq.gz	R1	For_SB	SB	mESC	mm10
4_SB_fwd	6387_4_4_SB_fwd_GCTACGCT-TTCTAGCT_S8_R2_001.fastq.gz	R2	For_SB	SB	mESC	mm10
5_SB_fwd	6387_5_5_SB_fwd_GCTACGCT-GCGTAAGA_S9_R1_001.fastq.gz	R1	For_SB	SB	mESC	mm10
5_SB_fwd	6387_5_5_SB_fwd_GCTACGCT-GCGTAAGA_S9_R2_001.fastq.gz	R2	For_SB	SB	mESC	mm10
6_SB_fwd	6387_6_6_SB_fwd_GCTACGCT-CTATTAAG_S7_R1_001.fastq.gz	R1	For_SB	SB	mESC	mm10
6_SB_fwd	6387_6_6_SB_fwd_GCTACGCT-CTATTAAG_S7_R2_001.fastq.gz	R2	For_SB	SB	mESC	mm10
7_SB_fwd	6387_7_7_SB_fwd_GCTACGCT-CCTAGAGT_S12_R1_001.fastq.gz	R1	For_SB	SB	mESC	mm10
7_SB_fwd	6387_7_7_SB_fwd_GCTACGCT-CCTAGAGT_S12_R2_001.fastq.gz	R2	For_SB	SB	mESC	mm10
17_SB_fwd	6387_17_17_SB_fwd_CGAGGCTG-AAGGCTAT_S19_R1_001.fastq.gz	R1	For_SB	SB	mESC	mm10
17_SB_fwd	6387_17_17_SB_fwd_CGAGGCTG-AAGGCTAT_S19_R2_001.fastq.gz	R2	For_SB	SB	mESC	mm10
19_SB_rev	6387_19_19_SB_rev_AAGAGGCA-CGTCTAAT_S16_R1_001.fastq.gz	R1	Rev_SB	SB	mESC	mm10
19_SB_rev	6387_19_19_SB_rev_AAGAGGCA-CGTCTAAT_S16_R2_001.fastq.gz	R2	Rev_SB	SB	mESC	mm10
20_SB_rev	6387_20_20_SB_rev_AAGAGGCA-TCTCTCCG_S24_R1_001.fastq.gz	R1	Rev_SB	SB	mESC	mm10
20_SB_rev	6387_20_20_SB_rev_AAGAGGCA-TCTCTCCG_S24_R2_001.fastq.gz	R2	Rev_SB	SB	mESC	mm10
21_SB_rev	6387_21_21_SB_rev_AAGAGGCA-TCGACTAG_S23_R1_001.fastq.gz	R1	Rev_SB	SB	mESC	mm10
21_SB_rev	6387_21_21_SB_rev_AAGAGGCA-TCGACTAG_S23_R2_001.fastq.gz	R2	Rev_SB	SB	mESC	mm10
22_SB_rev	6387_22_22_SB_rev_AAGAGGCA-TTCTAGCT_S22_R1_001.fastq.gz	R1	Rev_SB	SB	mESC	mm10
22_SB_rev	6387_22_22_SB_rev_AAGAGGCA-TTCTAGCT_S22_R2_001.fastq.gz	R2	Rev_SB	SB	mESC	mm10
23_SB_rev	6387_23_23_SB_rev_AAGAGGCA-GCGTAAGA_S1_R1_001.fastq.gz	R1	Rev_SB	SB	mESC	mm10
23_SB_rev	6387_23_23_SB_rev_AAGAGGCA-GCGTAAGA_S1_R2_001.fastq.gz	R2	Rev_SB	SB	mESC	mm10
24_SB_rev	6387_24_24_SB_rev_AAGAGGCA-CTATTAAG_S3_R1_001.fastq.gz	R1	Rev_SB	SB	mESC	mm10
24_SB_rev	6387_24_24_SB_rev_AAGAGGCA-CTATTAAG_S3_R2_001.fastq.gz	R2	Rev_SB	SB	mESC	mm10
25_SB_rev	6387_25_25_SB_rev_AAGAGGCA-CCTAGAGT_S6_R1_001.fastq.gz	R1	Rev_SB	SB	mESC	mm10
25_SB_rev	6387_25_25_SB_rev_AAGAGGCA-CCTAGAGT_S6_R2_001.fastq.gz	R2	Rev_SB	SB	mESC	mm10
