ID	Sample_name	mate	file	genome	structure
1-10	1-10_Rev	R1	/shared/gcf/r.schep/6236/fastq_files/6236_100_1-10_Rev_CGTACTAG-TCGACTAG_S111_R1_001.fastq.gz	mm10	Rev_PB
1-11	1-11_Rev	R1	/shared/gcf/r.schep/6236/fastq_files/6236_101_1-11_Rev_CGTACTAG-TTCTAGCT_S21_R1_001.fastq.gz	mm10	Rev_PB
1-12	1-12_Rev	R1	/shared/gcf/r.schep/6236/fastq_files/6236_102_1-12_Rev_CGTACTAG-CCTAGAGT_S108_R1_001.fastq.gz	mm10	Rev_PB
1-13	1-13_Rev	R1	/shared/gcf/r.schep/6236/fastq_files/6236_103_1-13_Rev_CGTACTAG-GCGTAAGA_S105_R1_001.fastq.gz	mm10	Rev_PB
1-14	1-14_Rev	R1	/shared/gcf/r.schep/6236/fastq_files/6236_104_1-14_Rev_CGTACTAG-GAGCCTTA_S28_R1_001.fastq.gz	mm10	Rev_PB
1-15	1-15_Rev	R1	/shared/gcf/r.schep/6236/fastq_files/6236_105_1-15_Rev_CGTACTAG-TTATGCGA_S115_R1_001.fastq.gz	mm10	Rev_PB
1-16	1-16_Rev	R1	/shared/gcf/r.schep/6236/fastq_files/6236_106_1-16_Rev_CGTACTAG-TATCCTCT_S116_R1_001.fastq.gz	mm10	Rev_PB
1-17	1-17_Rev	R1	/shared/gcf/r.schep/6236/fastq_files/6236_107_1-17_Rev_AGGCAGAA-TCTCTCCG_S117_R1_001.fastq.gz	mm10	Rev_PB
1-19	1-19_Rev	R1	/shared/gcf/r.schep/6236/fastq_files/6236_108_1-19_Rev_AGGCAGAA-TCGACTAG_S36_R1_001.fastq.gz	mm10	Rev_PB
1-20	1-20_Rev	R1	/shared/gcf/r.schep/6236/fastq_files/6236_109_1-20_Rev_AGGCAGAA-TTCTAGCT_S119_R1_001.fastq.gz	mm10	Rev_PB
1-21	1-21_Rev	R1	/shared/gcf/r.schep/6236/fastq_files/6236_110_1-21_Rev_AGGCAGAA-CCTAGAGT_S118_R1_001.fastq.gz	mm10	Rev_PB
1-01	1-01_Rev	R1	/shared/gcf/r.schep/6236/fastq_files/6236_91_1-01_Rev_TAAGGCGA-TCTCTCCG_S1_R1_001.fastq.gz	mm10	Rev_PB
1-22	1-22_Rev	R1	/shared/gcf/r.schep/6236/fastq_files/6236_111_1-22_Rev_AGGCAGAA-GCGTAAGA_S114_R1_001.fastq.gz	mm10	Rev_PB
1-23	1-23_Rev	R1	/shared/gcf/r.schep/6236/fastq_files/6236_112_1-23_Rev_AGGCAGAA-GAGCCTTA_S113_R1_001.fastq.gz	mm10	Rev_PB
1-24	1-24_Rev	R1	/shared/gcf/r.schep/6236/fastq_files/6236_113_1-24_Rev_AGGCAGAA-TTATGCGA_S45_R1_001.fastq.gz	mm10	Rev_PB
2-01	2-01_Rev	R1	/shared/gcf/r.schep/6236/fastq_files/6236_114_2-01_Rev_AGGCAGAA-TATCCTCT_S122_R1_001.fastq.gz	mm10	Rev_PB
2-02	2-02_Rev	R1	/shared/gcf/r.schep/6236/fastq_files/6236_115_2-02_Rev_TCCTGAGC-TCTCTCCG_S124_R1_001.fastq.gz	mm10	Rev_PB
2-03	2-03_Rev	R1	/shared/gcf/r.schep/6236/fastq_files/6236_116_2-03_Rev_TCCTGAGC-TCGACTAG_S125_R1_001.fastq.gz	mm10	Rev_PB
2-04	2-04_Rev	R1	/shared/gcf/r.schep/6236/fastq_files/6236_117_2-04_Rev_TCCTGAGC-TTCTAGCT_S126_R1_001.fastq.gz	mm10	Rev_PB
2-05	2-05_Rev	R1	/shared/gcf/r.schep/6236/fastq_files/6236_118_2-05_Rev_TCCTGAGC-CCTAGAGT_S55_R1_001.fastq.gz	mm10	Rev_PB
2-06	2-06_Rev	R1	/shared/gcf/r.schep/6236/fastq_files/6236_119_2-06_Rev_TCCTGAGC-GCGTAAGA_S123_R1_001.fastq.gz	mm10	Rev_PB
2-07	2-07_Rev	R1	/shared/gcf/r.schep/6236/fastq_files/6236_120_2-07_Rev_TCCTGAGC-GAGCCTTA_S121_R1_001.fastq.gz	mm10	Rev_PB
2-08	2-08_Rev	R1	/shared/gcf/r.schep/6236/fastq_files/6236_121_2-08_Rev_TCCTGAGC-TTATGCGA_S130_R1_001.fastq.gz	mm10	Rev_PB
2-09	2-09_Rev	R1	/shared/gcf/r.schep/6236/fastq_files/6236_122_2-09_Rev_TCCTGAGC-TATCCTCT_S131_R1_001.fastq.gz	mm10	Rev_PB
2-10	2-10_Rev	R1	/shared/gcf/r.schep/6236/fastq_files/6236_123_2-10_Rev_TAGGCATG-TCTCTCCG_S66_R1_001.fastq.gz	mm10	Rev_PB
2-11	2-11_Rev	R1	/shared/gcf/r.schep/6236/fastq_files/6236_124_2-11_Rev_TAGGCATG-TCGACTAG_S132_R1_001.fastq.gz	mm10	Rev_PB
2-13	2-13_Rev	R1	/shared/gcf/r.schep/6236/fastq_files/6236_125_2-13_Rev_TAGGCATG-TTCTAGCT_S133_R1_001.fastq.gz	mm10	Rev_PB
2-14	2-14_Rev	R1	/shared/gcf/r.schep/6236/fastq_files/6236_126_2-14_Rev_TAGGCATG-CCTAGAGT_S129_R1_001.fastq.gz	mm10	Rev_PB
2-15	2-15_Rev	R1	/shared/gcf/r.schep/6236/fastq_files/6236_127_2-15_Rev_TAGGCATG-GCGTAAGA_S128_R1_001.fastq.gz	mm10	Rev_PB
2-16	2-16_Rev	R1	/shared/gcf/r.schep/6236/fastq_files/6236_128_2-16_Rev_TAGGCATG-GAGCCTTA_S137_R1_001.fastq.gz	mm10	Rev_PB
2-17	2-17_Rev	R1	/shared/gcf/r.schep/6236/fastq_files/6236_129_2-17_Rev_TAGGCATG-TTATGCGA_S78_R1_001.fastq.gz	mm10	Rev_PB
2-18	2-18_Rev	R1	/shared/gcf/r.schep/6236/fastq_files/6236_130_2-18_Rev_TAGGCATG-TATCCTCT_S138_R1_001.fastq.gz	mm10	Rev_PB
2-19	2-19_Rev	R1	/shared/gcf/r.schep/6236/fastq_files/6236_131_2-19_Rev_CTCTCTAC-TCTCTCCG_S139_R1_001.fastq.gz	mm10	Rev_PB
2-20	2-20_Rev	R1	/shared/gcf/r.schep/6236/fastq_files/6236_132_2-20_Rev_CTCTCTAC-TCGACTAG_S140_R1_001.fastq.gz	mm10	Rev_PB
2-21	2-21_Rev	R1	/shared/gcf/r.schep/6236/fastq_files/6236_133_2-21_Rev_CTCTCTAC-TTCTAGCT_S136_R1_001.fastq.gz	mm10	Rev_PB
2-22	2-22_Rev	R1	/shared/gcf/r.schep/6236/fastq_files/6236_134_2-22_Rev_CTCTCTAC-CCTAGAGT_S135_R1_001.fastq.gz	mm10	Rev_PB
2-23	2-23_Rev	R1	/shared/gcf/r.schep/6236/fastq_files/6236_135_2-23_Rev_CTCTCTAC-GCGTAAGA_S144_R1_001.fastq.gz	mm10	Rev_PB
2-24	2-24_Rev	R1	/shared/gcf/r.schep/6236/fastq_files/6236_136_2-24_Rev_CTCTCTAC-GAGCCTTA_S91_R1_001.fastq.gz	mm10	Rev_PB
3-01	3-01_Rev	R1	/shared/gcf/r.schep/6236/fastq_files/6236_137_3-01_Rev_CTCTCTAC-TTATGCGA_S145_R1_001.fastq.gz	mm10	Rev_PB
3-02	3-02_Rev	R1	/shared/gcf/r.schep/6236/fastq_files/6236_138_3-02_Rev_CTCTCTAC-TATCCTCT_S147_R1_001.fastq.gz	mm10	Rev_PB
3-03	3-03_Rev	R1	/shared/gcf/r.schep/6236/fastq_files/6236_139_3-03_Rev_CAGAGAGG-TCTCTCCG_S146_R1_001.fastq.gz	mm10	Rev_PB
3-04	3-04_Rev	R1	/shared/gcf/r.schep/6236/fastq_files/6236_140_3-04_Rev_CAGAGAGG-TCGACTAG_S143_R1_001.fastq.gz	mm10	Rev_PB
3-05	3-05_Rev	R1	/shared/gcf/r.schep/6236/fastq_files/6236_141_3-05_Rev_CAGAGAGG-TTCTAGCT_S142_R1_001.fastq.gz	mm10	Rev_PB
3-06	3-06_Rev	R1	/shared/gcf/r.schep/6236/fastq_files/6236_142_3-06_Rev_CAGAGAGG-CCTAGAGT_S104_R1_001.fastq.gz	mm10	Rev_PB
3-07	3-07_Rev	R1	/shared/gcf/r.schep/6236/fastq_files/6236_143_3-07_Rev_CAGAGAGG-GCGTAAGA_S151_R1_001.fastq.gz	mm10	Rev_PB
3-09	3-09_Rev	R1	/shared/gcf/r.schep/6236/fastq_files/6236_144_3-09_Rev_CAGAGAGG-GAGCCTTA_S152_R1_001.fastq.gz	mm10	Rev_PB
3-10	3-10_Rev	R1	/shared/gcf/r.schep/6236/fastq_files/6236_145_3-10_Rev_CAGAGAGG-TTATGCGA_S153_R1_001.fastq.gz	mm10	Rev_PB
3-11	3-11_Rev	R1	/shared/gcf/r.schep/6236/fastq_files/6236_146_3-11_Rev_CAGAGAGG-TATCCTCT_S112_R1_001.fastq.gz	mm10	Rev_PB
3-12	3-12_Rev	R1	/shared/gcf/r.schep/6236/fastq_files/6236_147_3-12_Rev_GCTACGCT-TCTCTCCG_S150_R1_001.fastq.gz	mm10	Rev_PB
3-13	3-13_Rev	R1	/shared/gcf/r.schep/6236/fastq_files/6236_148_3-13_Rev_GCTACGCT-TCGACTAG_S149_R1_001.fastq.gz	mm10	Rev_PB
3-14	3-14_Rev	R1	/shared/gcf/r.schep/6236/fastq_files/6236_149_3-14_Rev_GCTACGCT-TTCTAGCT_S156_R1_001.fastq.gz	mm10	Rev_PB
3-15	3-15_Rev	R1	/shared/gcf/r.schep/6236/fastq_files/6236_150_3-15_Rev_GCTACGCT-CCTAGAGT_S120_R1_001.fastq.gz	mm10	Rev_PB
3-16	3-16_Rev	R1	/shared/gcf/r.schep/6236/fastq_files/6236_151_3-16_Rev_GCTACGCT-GCGTAAGA_S158_R1_001.fastq.gz	mm10	Rev_PB
3-17	3-17_Rev	R1	/shared/gcf/r.schep/6236/fastq_files/6236_152_3-17_Rev_GCTACGCT-GAGCCTTA_S157_R1_001.fastq.gz	mm10	Rev_PB
3-18	3-18_Rev	R1	/shared/gcf/r.schep/6236/fastq_files/6236_153_3-18_Rev_GCTACGCT-TTATGCGA_S155_R1_001.fastq.gz	mm10	Rev_PB
3-19	3-19_Rev	R1	/shared/gcf/r.schep/6236/fastq_files/6236_154_3-19_Rev_GCTACGCT-TATCCTCT_S127_R1_001.fastq.gz	mm10	Rev_PB
3-20	3-20_Rev	R1	/shared/gcf/r.schep/6236/fastq_files/6236_155_3-20_Rev_CGAGGCTG-TCTCTCCG_S162_R1_001.fastq.gz	mm10	Rev_PB
3-21	3-21_Rev	R1	/shared/gcf/r.schep/6236/fastq_files/6236_156_3-21_Rev_CGAGGCTG-TCGACTAG_S163_R1_001.fastq.gz	mm10	Rev_PB
3-22	3-22_Rev	R1	/shared/gcf/r.schep/6236/fastq_files/6236_157_3-22_Rev_CGAGGCTG-TTCTAGCT_S134_R1_001.fastq.gz	mm10	Rev_PB
3-23	3-23_Rev	R1	/shared/gcf/r.schep/6236/fastq_files/6236_158_3-23_Rev_CGAGGCTG-CCTAGAGT_S161_R1_001.fastq.gz	mm10	Rev_PB
3-24	3-24_Rev	R1	/shared/gcf/r.schep/6236/fastq_files/6236_159_3-24_Rev_CGAGGCTG-GCGTAAGA_S160_R1_001.fastq.gz	mm10	Rev_PB
4-01	4-01_Rev	R1	/shared/gcf/r.schep/6236/fastq_files/6236_160_4-01_Rev_CGAGGCTG-GAGCCTTA_S166_R1_001.fastq.gz	mm10	Rev_PB
4-02	4-02_Rev	R1	/shared/gcf/r.schep/6236/fastq_files/6236_161_4-02_Rev_CGAGGCTG-TTATGCGA_S141_R1_001.fastq.gz	mm10	Rev_PB
4-06	4-06_Rev	R1	/shared/gcf/r.schep/6236/fastq_files/6236_162_4-06_Rev_CGAGGCTG-TATCCTCT_S167_R1_001.fastq.gz	mm10	Rev_PB
4-08	4-08_Rev	R1	/shared/gcf/r.schep/6236/fastq_files/6236_163_4-08_Rev_AAGAGGCA-TCTCTCCG_S165_R1_001.fastq.gz	mm10	Rev_PB
4-09	4-09_Rev	R1	/shared/gcf/r.schep/6236/fastq_files/6236_164_4-09_Rev_AAGAGGCA-TCGACTAG_S148_R1_001.fastq.gz	mm10	Rev_PB
4-10	4-10_Rev	R1	/shared/gcf/r.schep/6236/fastq_files/6236_165_4-10_Rev_AAGAGGCA-TTCTAGCT_S171_R1_001.fastq.gz	mm10	Rev_PB
4-11	4-11_Rev	R1	/shared/gcf/r.schep/6236/fastq_files/6236_166_4-11_Rev_AAGAGGCA-CCTAGAGT_S170_R1_001.fastq.gz	mm10	Rev_PB
4-12	4-12_Rev	R1	/shared/gcf/r.schep/6236/fastq_files/6236_167_4-12_Rev_AAGAGGCA-GCGTAAGA_S154_R1_001.fastq.gz	mm10	Rev_PB
4-13	4-13_Rev	R1	/shared/gcf/r.schep/6236/fastq_files/6236_168_4-13_Rev_AAGAGGCA-GAGCCTTA_S169_R1_001.fastq.gz	mm10	Rev_PB
4-14	4-14_Rev	R1	/shared/gcf/r.schep/6236/fastq_files/6236_169_4-14_Rev_AAGAGGCA-TTATGCGA_S172_R1_001.fastq.gz	mm10	Rev_PB
4-15	4-15_Rev	R1	/shared/gcf/r.schep/6236/fastq_files/6236_170_4-15_Rev_AAGAGGCA-TATCCTCT_S159_R1_001.fastq.gz	mm10	Rev_PB
4-16	4-16_Rev	R1	/shared/gcf/r.schep/6236/fastq_files/6236_171_4-16_Rev_GTAGAGGA-TCTCTCCG_S173_R1_001.fastq.gz	mm10	Rev_PB
4-17	4-17_Rev	R1	/shared/gcf/r.schep/6236/fastq_files/6236_172_4-17_Rev_GTAGAGGA-TCGACTAG_S164_R1_001.fastq.gz	mm10	Rev_PB
4-18	4-18_Rev	R1	/shared/gcf/r.schep/6236/fastq_files/6236_173_4-18_Rev_GTAGAGGA-TTCTAGCT_S174_R1_001.fastq.gz	mm10	Rev_PB
4-19	4-19_Rev	R1	/shared/gcf/r.schep/6236/fastq_files/6236_174_4-19_Rev_GTAGAGGA-CCTAGAGT_S168_R1_001.fastq.gz	mm10	Rev_PB
4-20	4-20_Rev	R1	/shared/gcf/r.schep/6236/fastq_files/6236_175_4-20_Rev_GTAGAGGA-GCGTAAGA_S175_R1_001.fastq.gz	mm10	Rev_PB
4-21	4-21_Rev	R1	/shared/gcf/r.schep/6236/fastq_files/6236_176_4-21_Rev_GTAGAGGA-GAGCCTTA_S176_R1_001.fastq.gz	mm10	Rev_PB
4-22	4-22_Rev	R1	/shared/gcf/r.schep/6236/fastq_files/6236_177_4-22_Rev_GTAGAGGA-TTATGCGA_S177_R1_001.fastq.gz	mm10	Rev_PB
4-23	4-23_Rev	R1	/shared/gcf/r.schep/6236/fastq_files/6236_178_4-23_Rev_GTAGAGGA-TATCCTCT_S178_R1_001.fastq.gz	mm10	Rev_PB
4-24	4-24_Rev	R1	/shared/gcf/r.schep/6236/fastq_files/6236_179_4-24_Rev_GCTCATGA-TCTCTCCG_S179_R1_001.fastq.gz	mm10	Rev_PB
RSTP2_B	RSTP2_B_Rev	R1	/shared/gcf/r.schep/6236/fastq_files/6236_180_RSTP2_B_GCTCATGA-TCGACTAG_S180_R1_001.fastq.gz	hg38	Rev_PB
1-02	1-02_Rev	R1	/shared/gcf/r.schep/6236/fastq_files/6236_92_1-02_Rev_TAAGGCGA-TCGACTAG_S3_R1_001.fastq.gz	mm10	Rev_PB
1-03	1-03_Rev	R1	/shared/gcf/r.schep/6236/fastq_files/6236_93_1-03_Rev_TAAGGCGA-TTCTAGCT_S6_R1_001.fastq.gz	mm10	Rev_PB
1-04	1-04_Rev	R1	/shared/gcf/r.schep/6236/fastq_files/6236_94_1-04_Rev_TAAGGCGA-CCTAGAGT_S106_R1_001.fastq.gz	mm10	Rev_PB
1-05	1-05_Rev	R1	/shared/gcf/r.schep/6236/fastq_files/6236_95_1-05_Rev_TAAGGCGA-GCGTAAGA_S10_R1_001.fastq.gz	mm10	Rev_PB
1-06	1-06_Rev	R1	/shared/gcf/r.schep/6236/fastq_files/6236_96_1-06_Rev_TAAGGCGA-GAGCCTTA_S107_R1_001.fastq.gz	mm10	Rev_PB
1-07	1-07_Rev	R1	/shared/gcf/r.schep/6236/fastq_files/6236_97_1-07_Rev_TAAGGCGA-TTATGCGA_S109_R1_001.fastq.gz	mm10	Rev_PB
1-08	1-08_Rev	R1	/shared/gcf/r.schep/6236/fastq_files/6236_98_1-08_Rev_TAAGGCGA-TATCCTCT_S15_R1_001.fastq.gz	mm10	Rev_PB
1-09	1-09_Rev	R1	/shared/gcf/r.schep/6236/fastq_files/6236_99_1-09_Rev_CGTACTAG-TCTCTCCG_S110_R1_001.fastq.gz	mm10	Rev_PB
1-10	1-10_Fwd	R1	/shared/gcf/r.schep/6236/fastq_files/6236_10_1-10_Fwd_CGTACTAG-CTCTCTAT_S11_R1_001.fastq.gz	mm10	For_PB
1-11	1-11_Fwd	R1	/shared/gcf/r.schep/6236/fastq_files/6236_11_1-11_Fwd_CGTACTAG-AGAGTAGA_S17_R1_001.fastq.gz	mm10	For_PB
1-12	1-12_Fwd	R1	/shared/gcf/r.schep/6236/fastq_files/6236_12_1-12_Fwd_CGTACTAG-GTAAGGAG_S18_R1_001.fastq.gz	mm10	For_PB
1-13	1-13_Fwd	R1	/shared/gcf/r.schep/6236/fastq_files/6236_13_1-13_Fwd_CGTACTAG-ACTGCATA_S19_R1_001.fastq.gz	mm10	For_PB
1-14	1-14_Fwd	R1	/shared/gcf/r.schep/6236/fastq_files/6236_14_1-14_Fwd_CGTACTAG-AAGGAGTA_S20_R1_001.fastq.gz	mm10	For_PB
1-15	1-15_Fwd	R1	/shared/gcf/r.schep/6236/fastq_files/6236_15_1-15_Fwd_CGTACTAG-CTAAGCCT_S16_R1_001.fastq.gz	mm10	For_PB
1-16	1-16_Fwd	R1	/shared/gcf/r.schep/6236/fastq_files/6236_16_1-16_Fwd_CGTACTAG-CGTCTAAT_S23_R1_001.fastq.gz	mm10	For_PB
1-17	1-17_Fwd	R1	/shared/gcf/r.schep/6236/fastq_files/6236_17_1-17_Fwd_AGGCAGAA-TAGATCGC_S24_R1_001.fastq.gz	mm10	For_PB
1-19	1-19_Fwd	R1	/shared/gcf/r.schep/6236/fastq_files/6236_18_1-19_Fwd_AGGCAGAA-CTCTCTAT_S25_R1_001.fastq.gz	mm10	For_PB
1-20	1-20_Fwd	R1	/shared/gcf/r.schep/6236/fastq_files/6236_19_1-20_Fwd_AGGCAGAA-AGAGTAGA_S26_R1_001.fastq.gz	mm10	For_PB
1-21	1-21_Fwd	R1	/shared/gcf/r.schep/6236/fastq_files/6236_20_1-21_Fwd_AGGCAGAA-GTAAGGAG_S27_R1_001.fastq.gz	mm10	For_PB
1-01	1-01_Fwd	R1	/shared/gcf/r.schep/6236/fastq_files/6236_1_1-01_Fwd_TAAGGCGA-TAGATCGC_S2_R1_001.fastq.gz	mm10	For_PB
1-22	1-22_Fwd	R1	/shared/gcf/r.schep/6236/fastq_files/6236_21_1-22_Fwd_AGGCAGAA-ACTGCATA_S22_R1_001.fastq.gz	mm10	For_PB
1-23	1-23_Fwd	R1	/shared/gcf/r.schep/6236/fastq_files/6236_22_1-23_Fwd_AGGCAGAA-AAGGAGTA_S30_R1_001.fastq.gz	mm10	For_PB
1-24	1-24_Fwd	R1	/shared/gcf/r.schep/6236/fastq_files/6236_23_1-24_Fwd_AGGCAGAA-CTAAGCCT_S31_R1_001.fastq.gz	mm10	For_PB
2-01	2-01_Fwd	R1	/shared/gcf/r.schep/6236/fastq_files/6236_24_2-01_Fwd_AGGCAGAA-CGTCTAAT_S32_R1_001.fastq.gz	mm10	For_PB
2-02	2-02_Fwd	R1	/shared/gcf/r.schep/6236/fastq_files/6236_25_2-02_Fwd_TCCTGAGC-TAGATCGC_S33_R1_001.fastq.gz	mm10	For_PB
2-03	2-03_Fwd	R1	/shared/gcf/r.schep/6236/fastq_files/6236_26_2-03_Fwd_TCCTGAGC-CTCTCTAT_S34_R1_001.fastq.gz	mm10	For_PB
2-04	2-04_Fwd	R1	/shared/gcf/r.schep/6236/fastq_files/6236_27_2-04_Fwd_TCCTGAGC-AGAGTAGA_S35_R1_001.fastq.gz	mm10	For_PB
2-05	2-05_Fwd	R1	/shared/gcf/r.schep/6236/fastq_files/6236_28_2-05_Fwd_TCCTGAGC-GTAAGGAG_S29_R1_001.fastq.gz	mm10	For_PB
2-06	2-06_Fwd	R1	/shared/gcf/r.schep/6236/fastq_files/6236_29_2-06_Fwd_TCCTGAGC-ACTGCATA_S38_R1_001.fastq.gz	mm10	For_PB
2-07	2-07_Fwd	R1	/shared/gcf/r.schep/6236/fastq_files/6236_30_2-07_Fwd_TCCTGAGC-AAGGAGTA_S39_R1_001.fastq.gz	mm10	For_PB
2-08	2-08_Fwd	R1	/shared/gcf/r.schep/6236/fastq_files/6236_31_2-08_Fwd_TCCTGAGC-CTAAGCCT_S40_R1_001.fastq.gz	mm10	For_PB
2-09	2-09_Fwd	R1	/shared/gcf/r.schep/6236/fastq_files/6236_32_2-09_Fwd_TCCTGAGC-CGTCTAAT_S41_R1_001.fastq.gz	mm10	For_PB
2-10	2-10_Fwd	R1	/shared/gcf/r.schep/6236/fastq_files/6236_33_2-10_Fwd_TAGGCATG-TAGATCGC_S42_R1_001.fastq.gz	mm10	For_PB
2-11	2-11_Fwd	R1	/shared/gcf/r.schep/6236/fastq_files/6236_34_2-11_Fwd_TAGGCATG-CTCTCTAT_S43_R1_001.fastq.gz	mm10	For_PB
2-13	2-13_Fwd	R1	/shared/gcf/r.schep/6236/fastq_files/6236_35_2-13_Fwd_TAGGCATG-AGAGTAGA_S44_R1_001.fastq.gz	mm10	For_PB
2-14	2-14_Fwd	R1	/shared/gcf/r.schep/6236/fastq_files/6236_36_2-14_Fwd_TAGGCATG-GTAAGGAG_S37_R1_001.fastq.gz	mm10	For_PB
2-15	2-15_Fwd	R1	/shared/gcf/r.schep/6236/fastq_files/6236_37_2-15_Fwd_TAGGCATG-ACTGCATA_S47_R1_001.fastq.gz	mm10	For_PB
2-16	2-16_Fwd	R1	/shared/gcf/r.schep/6236/fastq_files/6236_38_2-16_Fwd_TAGGCATG-AAGGAGTA_S48_R1_001.fastq.gz	mm10	For_PB
2-17	2-17_Fwd	R1	/shared/gcf/r.schep/6236/fastq_files/6236_39_2-17_Fwd_TAGGCATG-CTAAGCCT_S49_R1_001.fastq.gz	mm10	For_PB
2-18	2-18_Fwd	R1	/shared/gcf/r.schep/6236/fastq_files/6236_40_2-18_Fwd_TAGGCATG-CGTCTAAT_S50_R1_001.fastq.gz	mm10	For_PB
2-19	2-19_Fwd	R1	/shared/gcf/r.schep/6236/fastq_files/6236_41_2-19_Fwd_CTCTCTAC-TAGATCGC_S51_R1_001.fastq.gz	mm10	For_PB
2-20	2-20_Fwd	R1	/shared/gcf/r.schep/6236/fastq_files/6236_42_2-20_Fwd_CTCTCTAC-CTCTCTAT_S52_R1_001.fastq.gz	mm10	For_PB
2-21	2-21_Fwd	R1	/shared/gcf/r.schep/6236/fastq_files/6236_43_2-21_Fwd_CTCTCTAC-AGAGTAGA_S53_R1_001.fastq.gz	mm10	For_PB
2-22	2-22_Fwd	R1	/shared/gcf/r.schep/6236/fastq_files/6236_44_2-22_Fwd_CTCTCTAC-GTAAGGAG_S54_R1_001.fastq.gz	mm10	For_PB
2-23	2-23_Fwd	R1	/shared/gcf/r.schep/6236/fastq_files/6236_45_2-23_Fwd_CTCTCTAC-ACTGCATA_S46_R1_001.fastq.gz	mm10	For_PB
2-24	2-24_Fwd	R1	/shared/gcf/r.schep/6236/fastq_files/6236_46_2-24_Fwd_CTCTCTAC-AAGGAGTA_S57_R1_001.fastq.gz	mm10	For_PB
3-01	3-01_Fwd	R1	/shared/gcf/r.schep/6236/fastq_files/6236_47_3-01_Fwd_CTCTCTAC-CTAAGCCT_S58_R1_001.fastq.gz	mm10	For_PB
3-02	3-02_Fwd	R1	/shared/gcf/r.schep/6236/fastq_files/6236_48_3-02_Fwd_CTCTCTAC-CGTCTAAT_S59_R1_001.fastq.gz	mm10	For_PB
3-03	3-03_Fwd	R1	/shared/gcf/r.schep/6236/fastq_files/6236_49_3-03_Fwd_CAGAGAGG-TAGATCGC_S60_R1_001.fastq.gz	mm10	For_PB
3-04	3-04_Fwd	R1	/shared/gcf/r.schep/6236/fastq_files/6236_50_3-04_Fwd_CAGAGAGG-CTCTCTAT_S61_R1_001.fastq.gz	mm10	For_PB
3-05	3-05_Fwd	R1	/shared/gcf/r.schep/6236/fastq_files/6236_51_3-05_Fwd_CAGAGAGG-AGAGTAGA_S62_R1_001.fastq.gz	mm10	For_PB
3-06	3-06_Fwd	R1	/shared/gcf/r.schep/6236/fastq_files/6236_52_3-06_Fwd_CAGAGAGG-GTAAGGAG_S63_R1_001.fastq.gz	mm10	For_PB
3-07	3-07_Fwd	R1	/shared/gcf/r.schep/6236/fastq_files/6236_53_3-07_Fwd_CAGAGAGG-ACTGCATA_S64_R1_001.fastq.gz	mm10	For_PB
3-09	3-09_Fwd	R1	/shared/gcf/r.schep/6236/fastq_files/6236_54_3-09_Fwd_CAGAGAGG-AAGGAGTA_S65_R1_001.fastq.gz	mm10	For_PB
3-10	3-10_Fwd	R1	/shared/gcf/r.schep/6236/fastq_files/6236_55_3-10_Fwd_CAGAGAGG-CTAAGCCT_S56_R1_001.fastq.gz	mm10	For_PB
3-11	3-11_Fwd	R1	/shared/gcf/r.schep/6236/fastq_files/6236_56_3-11_Fwd_CAGAGAGG-CGTCTAAT_S68_R1_001.fastq.gz	mm10	For_PB
3-12	3-12_Fwd	R1	/shared/gcf/r.schep/6236/fastq_files/6236_57_3-12_Fwd_GCTACGCT-TAGATCGC_S69_R1_001.fastq.gz	mm10	For_PB
3-13	3-13_Fwd	R1	/shared/gcf/r.schep/6236/fastq_files/6236_58_3-13_Fwd_GCTACGCT-CTCTCTAT_S70_R1_001.fastq.gz	mm10	For_PB
3-14	3-14_Fwd	R1	/shared/gcf/r.schep/6236/fastq_files/6236_59_3-14_Fwd_GCTACGCT-AGAGTAGA_S71_R1_001.fastq.gz	mm10	For_PB
3-15	3-15_Fwd	R1	/shared/gcf/r.schep/6236/fastq_files/6236_60_3-15_Fwd_GCTACGCT-GTAAGGAG_S72_R1_001.fastq.gz	mm10	For_PB
3-16	3-16_Fwd	R1	/shared/gcf/r.schep/6236/fastq_files/6236_61_3-16_Fwd_GCTACGCT-ACTGCATA_S73_R1_001.fastq.gz	mm10	For_PB
3-17	3-17_Fwd	R1	/shared/gcf/r.schep/6236/fastq_files/6236_62_3-17_Fwd_GCTACGCT-AAGGAGTA_S74_R1_001.fastq.gz	mm10	For_PB
3-18	3-18_Fwd	R1	/shared/gcf/r.schep/6236/fastq_files/6236_63_3-18_Fwd_GCTACGCT-CTAAGCCT_S75_R1_001.fastq.gz	mm10	For_PB
3-19	3-19_Fwd	R1	/shared/gcf/r.schep/6236/fastq_files/6236_64_3-19_Fwd_GCTACGCT-CGTCTAAT_S76_R1_001.fastq.gz	mm10	For_PB
3-20	3-20_Fwd	R1	/shared/gcf/r.schep/6236/fastq_files/6236_65_3-20_Fwd_CGAGGCTG-TAGATCGC_S77_R1_001.fastq.gz	mm10	For_PB
3-21	3-21_Fwd	R1	/shared/gcf/r.schep/6236/fastq_files/6236_66_3-21_Fwd_CGAGGCTG-CTCTCTAT_S67_R1_001.fastq.gz	mm10	For_PB
3-22	3-22_Fwd	R1	/shared/gcf/r.schep/6236/fastq_files/6236_67_3-22_Fwd_CGAGGCTG-AGAGTAGA_S80_R1_001.fastq.gz	mm10	For_PB
3-23	3-23_Fwd	R1	/shared/gcf/r.schep/6236/fastq_files/6236_68_3-23_Fwd_CGAGGCTG-GTAAGGAG_S81_R1_001.fastq.gz	mm10	For_PB
3-24	3-24_Fwd	R1	/shared/gcf/r.schep/6236/fastq_files/6236_69_3-24_Fwd_CGAGGCTG-ACTGCATA_S82_R1_001.fastq.gz	mm10	For_PB
4-01	4-01_Fwd	R1	/shared/gcf/r.schep/6236/fastq_files/6236_70_4-01_Fwd_CGAGGCTG-AAGGAGTA_S83_R1_001.fastq.gz	mm10	For_PB
4-02	4-02_Fwd	R1	/shared/gcf/r.schep/6236/fastq_files/6236_71_4-02_Fwd_CGAGGCTG-CTAAGCCT_S84_R1_001.fastq.gz	mm10	For_PB
4-06	4-06_Fwd	R1	/shared/gcf/r.schep/6236/fastq_files/6236_72_4-06_Fwd_CGAGGCTG-CGTCTAAT_S85_R1_001.fastq.gz	mm10	For_PB
4-08	4-08_Fwd	R1	/shared/gcf/r.schep/6236/fastq_files/6236_73_4-08_Fwd_AAGAGGCA-TAGATCGC_S86_R1_001.fastq.gz	mm10	For_PB
4-09	4-09_Fwd	R1	/shared/gcf/r.schep/6236/fastq_files/6236_74_4-09_Fwd_AAGAGGCA-CTCTCTAT_S87_R1_001.fastq.gz	mm10	For_PB
4-10	4-10_Fwd	R1	/shared/gcf/r.schep/6236/fastq_files/6236_75_4-10_Fwd_AAGAGGCA-AGAGTAGA_S88_R1_001.fastq.gz	mm10	For_PB
4-11	4-11_Fwd	R1	/shared/gcf/r.schep/6236/fastq_files/6236_76_4-11_Fwd_AAGAGGCA-GTAAGGAG_S89_R1_001.fastq.gz	mm10	For_PB
4-12	4-12_Fwd	R1	/shared/gcf/r.schep/6236/fastq_files/6236_77_4-12_Fwd_AAGAGGCA-ACTGCATA_S90_R1_001.fastq.gz	mm10	For_PB
4-13	4-13_Fwd	R1	/shared/gcf/r.schep/6236/fastq_files/6236_78_4-13_Fwd_AAGAGGCA-AAGGAGTA_S79_R1_001.fastq.gz	mm10	For_PB
4-14	4-14_Fwd	R1	/shared/gcf/r.schep/6236/fastq_files/6236_79_4-14_Fwd_AAGAGGCA-CTAAGCCT_S96_R1_001.fastq.gz	mm10	For_PB
4-15	4-15_Fwd	R1	/shared/gcf/r.schep/6236/fastq_files/6236_80_4-15_Fwd_AAGAGGCA-CGTCTAAT_S97_R1_001.fastq.gz	mm10	For_PB
4-16	4-16_Fwd	R1	/shared/gcf/r.schep/6236/fastq_files/6236_81_4-16_Fwd_GTAGAGGA-TAGATCGC_S99_R1_001.fastq.gz	mm10	For_PB
4-17	4-17_Fwd	R1	/shared/gcf/r.schep/6236/fastq_files/6236_82_4-17_Fwd_GTAGAGGA-CTCTCTAT_S100_R1_001.fastq.gz	mm10	For_PB
4-18	4-18_Fwd	R1	/shared/gcf/r.schep/6236/fastq_files/6236_83_4-18_Fwd_GTAGAGGA-AGAGTAGA_S102_R1_001.fastq.gz	mm10	For_PB
4-19	4-19_Fwd	R1	/shared/gcf/r.schep/6236/fastq_files/6236_84_4-19_Fwd_GTAGAGGA-GTAAGGAG_S103_R1_001.fastq.gz	mm10	For_PB
4-20	4-20_Fwd	R1	/shared/gcf/r.schep/6236/fastq_files/6236_85_4-20_Fwd_GTAGAGGA-ACTGCATA_S101_R1_001.fastq.gz	mm10	For_PB
4-21	4-21_Fwd	R1	/shared/gcf/r.schep/6236/fastq_files/6236_86_4-21_Fwd_GTAGAGGA-AAGGAGTA_S98_R1_001.fastq.gz	mm10	For_PB
4-22	4-22_Fwd	R1	/shared/gcf/r.schep/6236/fastq_files/6236_87_4-22_Fwd_GTAGAGGA-CTAAGCCT_S95_R1_001.fastq.gz	mm10	For_PB
4-23	4-23_Fwd	R1	/shared/gcf/r.schep/6236/fastq_files/6236_88_4-23_Fwd_GTAGAGGA-CGTCTAAT_S93_R1_001.fastq.gz	mm10	For_PB
4-24	4-24_Fwd	R1	/shared/gcf/r.schep/6236/fastq_files/6236_89_4-24_Fwd_GCTCATGA-TAGATCGC_S94_R1_001.fastq.gz	mm10	For_PB
RSTP2_B	RSTP2_B_Fwd	R1	/shared/gcf/r.schep/6236/fastq_files/6236_90_RSTP2_B_Fwd_GCTCATGA-CTCTCTAT_S92_R1_001.fastq.gz	hg38	For_PB
1-02	1-02_Fwd	R1	/shared/gcf/r.schep/6236/fastq_files/6236_2_1-02_Fwd_TAAGGCGA-CTCTCTAT_S5_R1_001.fastq.gz	mm10	For_PB
1-03	1-03_Fwd	R1	/shared/gcf/r.schep/6236/fastq_files/6236_3_1-03_Fwd_TAAGGCGA-AGAGTAGA_S4_R1_001.fastq.gz	mm10	For_PB
1-04	1-04_Fwd	R1	/shared/gcf/r.schep/6236/fastq_files/6236_4_1-04_Fwd_TAAGGCGA-GTAAGGAG_S8_R1_001.fastq.gz	mm10	For_PB
1-05	1-05_Fwd	R1	/shared/gcf/r.schep/6236/fastq_files/6236_5_1-05_Fwd_TAAGGCGA-ACTGCATA_S9_R1_001.fastq.gz	mm10	For_PB
1-06	1-06_Fwd	R1	/shared/gcf/r.schep/6236/fastq_files/6236_6_1-06_Fwd_TAAGGCGA-AAGGAGTA_S7_R1_001.fastq.gz	mm10	For_PB
1-07	1-07_Fwd	R1	/shared/gcf/r.schep/6236/fastq_files/6236_7_1-07_Fwd_TAAGGCGA-CTAAGCCT_S12_R1_001.fastq.gz	mm10	For_PB
1-08	1-08_Fwd	R1	/shared/gcf/r.schep/6236/fastq_files/6236_8_1-08_Fwd_TAAGGCGA-CGTCTAAT_S13_R1_001.fastq.gz	mm10	For_PB
1-09	1-09_Fwd	R1	/shared/gcf/r.schep/6236/fastq_files/6236_9_1-09_Fwd_CGTACTAG-TAGATCGC_S14_R1_001.fastq.gz	mm10	For_PB
1-10	1-10_Rev	R2	/shared/gcf/r.schep/6236/fastq_files/6236_100_1-10_Rev_CGTACTAG-TCGACTAG_S111_R2_001.fastq.gz	mm10	Rev_PB
1-11	1-11_Rev	R2	/shared/gcf/r.schep/6236/fastq_files/6236_101_1-11_Rev_CGTACTAG-TTCTAGCT_S21_R2_001.fastq.gz	mm10	Rev_PB
1-12	1-12_Rev	R2	/shared/gcf/r.schep/6236/fastq_files/6236_102_1-12_Rev_CGTACTAG-CCTAGAGT_S108_R2_001.fastq.gz	mm10	Rev_PB
1-13	1-13_Rev	R2	/shared/gcf/r.schep/6236/fastq_files/6236_103_1-13_Rev_CGTACTAG-GCGTAAGA_S105_R2_001.fastq.gz	mm10	Rev_PB
1-14	1-14_Rev	R2	/shared/gcf/r.schep/6236/fastq_files/6236_104_1-14_Rev_CGTACTAG-GAGCCTTA_S28_R2_001.fastq.gz	mm10	Rev_PB
1-15	1-15_Rev	R2	/shared/gcf/r.schep/6236/fastq_files/6236_105_1-15_Rev_CGTACTAG-TTATGCGA_S115_R2_001.fastq.gz	mm10	Rev_PB
1-16	1-16_Rev	R2	/shared/gcf/r.schep/6236/fastq_files/6236_106_1-16_Rev_CGTACTAG-TATCCTCT_S116_R2_001.fastq.gz	mm10	Rev_PB
1-17	1-17_Rev	R2	/shared/gcf/r.schep/6236/fastq_files/6236_107_1-17_Rev_AGGCAGAA-TCTCTCCG_S117_R2_001.fastq.gz	mm10	Rev_PB
1-19	1-19_Rev	R2	/shared/gcf/r.schep/6236/fastq_files/6236_108_1-19_Rev_AGGCAGAA-TCGACTAG_S36_R2_001.fastq.gz	mm10	Rev_PB
1-20	1-20_Rev	R2	/shared/gcf/r.schep/6236/fastq_files/6236_109_1-20_Rev_AGGCAGAA-TTCTAGCT_S119_R2_001.fastq.gz	mm10	Rev_PB
1-21	1-21_Rev	R2	/shared/gcf/r.schep/6236/fastq_files/6236_110_1-21_Rev_AGGCAGAA-CCTAGAGT_S118_R2_001.fastq.gz	mm10	Rev_PB
1-01	1-01_Rev	R2	/shared/gcf/r.schep/6236/fastq_files/6236_91_1-01_Rev_TAAGGCGA-TCTCTCCG_S1_R2_001.fastq.gz	mm10	Rev_PB
1-22	1-22_Rev	R2	/shared/gcf/r.schep/6236/fastq_files/6236_111_1-22_Rev_AGGCAGAA-GCGTAAGA_S114_R2_001.fastq.gz	mm10	Rev_PB
1-23	1-23_Rev	R2	/shared/gcf/r.schep/6236/fastq_files/6236_112_1-23_Rev_AGGCAGAA-GAGCCTTA_S113_R2_001.fastq.gz	mm10	Rev_PB
1-24	1-24_Rev	R2	/shared/gcf/r.schep/6236/fastq_files/6236_113_1-24_Rev_AGGCAGAA-TTATGCGA_S45_R2_001.fastq.gz	mm10	Rev_PB
2-01	2-01_Rev	R2	/shared/gcf/r.schep/6236/fastq_files/6236_114_2-01_Rev_AGGCAGAA-TATCCTCT_S122_R2_001.fastq.gz	mm10	Rev_PB
2-02	2-02_Rev	R2	/shared/gcf/r.schep/6236/fastq_files/6236_115_2-02_Rev_TCCTGAGC-TCTCTCCG_S124_R2_001.fastq.gz	mm10	Rev_PB
2-03	2-03_Rev	R2	/shared/gcf/r.schep/6236/fastq_files/6236_116_2-03_Rev_TCCTGAGC-TCGACTAG_S125_R2_001.fastq.gz	mm10	Rev_PB
2-04	2-04_Rev	R2	/shared/gcf/r.schep/6236/fastq_files/6236_117_2-04_Rev_TCCTGAGC-TTCTAGCT_S126_R2_001.fastq.gz	mm10	Rev_PB
2-05	2-05_Rev	R2	/shared/gcf/r.schep/6236/fastq_files/6236_118_2-05_Rev_TCCTGAGC-CCTAGAGT_S55_R2_001.fastq.gz	mm10	Rev_PB
2-06	2-06_Rev	R2	/shared/gcf/r.schep/6236/fastq_files/6236_119_2-06_Rev_TCCTGAGC-GCGTAAGA_S123_R2_001.fastq.gz	mm10	Rev_PB
2-07	2-07_Rev	R2	/shared/gcf/r.schep/6236/fastq_files/6236_120_2-07_Rev_TCCTGAGC-GAGCCTTA_S121_R2_001.fastq.gz	mm10	Rev_PB
2-08	2-08_Rev	R2	/shared/gcf/r.schep/6236/fastq_files/6236_121_2-08_Rev_TCCTGAGC-TTATGCGA_S130_R2_001.fastq.gz	mm10	Rev_PB
2-09	2-09_Rev	R2	/shared/gcf/r.schep/6236/fastq_files/6236_122_2-09_Rev_TCCTGAGC-TATCCTCT_S131_R2_001.fastq.gz	mm10	Rev_PB
2-10	2-10_Rev	R2	/shared/gcf/r.schep/6236/fastq_files/6236_123_2-10_Rev_TAGGCATG-TCTCTCCG_S66_R2_001.fastq.gz	mm10	Rev_PB
2-11	2-11_Rev	R2	/shared/gcf/r.schep/6236/fastq_files/6236_124_2-11_Rev_TAGGCATG-TCGACTAG_S132_R2_001.fastq.gz	mm10	Rev_PB
2-13	2-13_Rev	R2	/shared/gcf/r.schep/6236/fastq_files/6236_125_2-13_Rev_TAGGCATG-TTCTAGCT_S133_R2_001.fastq.gz	mm10	Rev_PB
2-14	2-14_Rev	R2	/shared/gcf/r.schep/6236/fastq_files/6236_126_2-14_Rev_TAGGCATG-CCTAGAGT_S129_R2_001.fastq.gz	mm10	Rev_PB
2-15	2-15_Rev	R2	/shared/gcf/r.schep/6236/fastq_files/6236_127_2-15_Rev_TAGGCATG-GCGTAAGA_S128_R2_001.fastq.gz	mm10	Rev_PB
2-16	2-16_Rev	R2	/shared/gcf/r.schep/6236/fastq_files/6236_128_2-16_Rev_TAGGCATG-GAGCCTTA_S137_R2_001.fastq.gz	mm10	Rev_PB
2-17	2-17_Rev	R2	/shared/gcf/r.schep/6236/fastq_files/6236_129_2-17_Rev_TAGGCATG-TTATGCGA_S78_R2_001.fastq.gz	mm10	Rev_PB
2-18	2-18_Rev	R2	/shared/gcf/r.schep/6236/fastq_files/6236_130_2-18_Rev_TAGGCATG-TATCCTCT_S138_R2_001.fastq.gz	mm10	Rev_PB
2-19	2-19_Rev	R2	/shared/gcf/r.schep/6236/fastq_files/6236_131_2-19_Rev_CTCTCTAC-TCTCTCCG_S139_R2_001.fastq.gz	mm10	Rev_PB
2-20	2-20_Rev	R2	/shared/gcf/r.schep/6236/fastq_files/6236_132_2-20_Rev_CTCTCTAC-TCGACTAG_S140_R2_001.fastq.gz	mm10	Rev_PB
2-21	2-21_Rev	R2	/shared/gcf/r.schep/6236/fastq_files/6236_133_2-21_Rev_CTCTCTAC-TTCTAGCT_S136_R2_001.fastq.gz	mm10	Rev_PB
2-22	2-22_Rev	R2	/shared/gcf/r.schep/6236/fastq_files/6236_134_2-22_Rev_CTCTCTAC-CCTAGAGT_S135_R2_001.fastq.gz	mm10	Rev_PB
2-23	2-23_Rev	R2	/shared/gcf/r.schep/6236/fastq_files/6236_135_2-23_Rev_CTCTCTAC-GCGTAAGA_S144_R2_001.fastq.gz	mm10	Rev_PB
2-24	2-24_Rev	R2	/shared/gcf/r.schep/6236/fastq_files/6236_136_2-24_Rev_CTCTCTAC-GAGCCTTA_S91_R2_001.fastq.gz	mm10	Rev_PB
3-01	3-01_Rev	R2	/shared/gcf/r.schep/6236/fastq_files/6236_137_3-01_Rev_CTCTCTAC-TTATGCGA_S145_R2_001.fastq.gz	mm10	Rev_PB
3-02	3-02_Rev	R2	/shared/gcf/r.schep/6236/fastq_files/6236_138_3-02_Rev_CTCTCTAC-TATCCTCT_S147_R2_001.fastq.gz	mm10	Rev_PB
3-03	3-03_Rev	R2	/shared/gcf/r.schep/6236/fastq_files/6236_139_3-03_Rev_CAGAGAGG-TCTCTCCG_S146_R2_001.fastq.gz	mm10	Rev_PB
3-04	3-04_Rev	R2	/shared/gcf/r.schep/6236/fastq_files/6236_140_3-04_Rev_CAGAGAGG-TCGACTAG_S143_R2_001.fastq.gz	mm10	Rev_PB
3-05	3-05_Rev	R2	/shared/gcf/r.schep/6236/fastq_files/6236_141_3-05_Rev_CAGAGAGG-TTCTAGCT_S142_R2_001.fastq.gz	mm10	Rev_PB
3-06	3-06_Rev	R2	/shared/gcf/r.schep/6236/fastq_files/6236_142_3-06_Rev_CAGAGAGG-CCTAGAGT_S104_R2_001.fastq.gz	mm10	Rev_PB
3-07	3-07_Rev	R2	/shared/gcf/r.schep/6236/fastq_files/6236_143_3-07_Rev_CAGAGAGG-GCGTAAGA_S151_R2_001.fastq.gz	mm10	Rev_PB
3-09	3-09_Rev	R2	/shared/gcf/r.schep/6236/fastq_files/6236_144_3-09_Rev_CAGAGAGG-GAGCCTTA_S152_R2_001.fastq.gz	mm10	Rev_PB
3-10	3-10_Rev	R2	/shared/gcf/r.schep/6236/fastq_files/6236_145_3-10_Rev_CAGAGAGG-TTATGCGA_S153_R2_001.fastq.gz	mm10	Rev_PB
3-11	3-11_Rev	R2	/shared/gcf/r.schep/6236/fastq_files/6236_146_3-11_Rev_CAGAGAGG-TATCCTCT_S112_R2_001.fastq.gz	mm10	Rev_PB
3-12	3-12_Rev	R2	/shared/gcf/r.schep/6236/fastq_files/6236_147_3-12_Rev_GCTACGCT-TCTCTCCG_S150_R2_001.fastq.gz	mm10	Rev_PB
3-13	3-13_Rev	R2	/shared/gcf/r.schep/6236/fastq_files/6236_148_3-13_Rev_GCTACGCT-TCGACTAG_S149_R2_001.fastq.gz	mm10	Rev_PB
3-14	3-14_Rev	R2	/shared/gcf/r.schep/6236/fastq_files/6236_149_3-14_Rev_GCTACGCT-TTCTAGCT_S156_R2_001.fastq.gz	mm10	Rev_PB
3-15	3-15_Rev	R2	/shared/gcf/r.schep/6236/fastq_files/6236_150_3-15_Rev_GCTACGCT-CCTAGAGT_S120_R2_001.fastq.gz	mm10	Rev_PB
3-16	3-16_Rev	R2	/shared/gcf/r.schep/6236/fastq_files/6236_151_3-16_Rev_GCTACGCT-GCGTAAGA_S158_R2_001.fastq.gz	mm10	Rev_PB
3-17	3-17_Rev	R2	/shared/gcf/r.schep/6236/fastq_files/6236_152_3-17_Rev_GCTACGCT-GAGCCTTA_S157_R2_001.fastq.gz	mm10	Rev_PB
3-18	3-18_Rev	R2	/shared/gcf/r.schep/6236/fastq_files/6236_153_3-18_Rev_GCTACGCT-TTATGCGA_S155_R2_001.fastq.gz	mm10	Rev_PB
3-19	3-19_Rev	R2	/shared/gcf/r.schep/6236/fastq_files/6236_154_3-19_Rev_GCTACGCT-TATCCTCT_S127_R2_001.fastq.gz	mm10	Rev_PB
3-20	3-20_Rev	R2	/shared/gcf/r.schep/6236/fastq_files/6236_155_3-20_Rev_CGAGGCTG-TCTCTCCG_S162_R2_001.fastq.gz	mm10	Rev_PB
3-21	3-21_Rev	R2	/shared/gcf/r.schep/6236/fastq_files/6236_156_3-21_Rev_CGAGGCTG-TCGACTAG_S163_R2_001.fastq.gz	mm10	Rev_PB
3-22	3-22_Rev	R2	/shared/gcf/r.schep/6236/fastq_files/6236_157_3-22_Rev_CGAGGCTG-TTCTAGCT_S134_R2_001.fastq.gz	mm10	Rev_PB
3-23	3-23_Rev	R2	/shared/gcf/r.schep/6236/fastq_files/6236_158_3-23_Rev_CGAGGCTG-CCTAGAGT_S161_R2_001.fastq.gz	mm10	Rev_PB
3-24	3-24_Rev	R2	/shared/gcf/r.schep/6236/fastq_files/6236_159_3-24_Rev_CGAGGCTG-GCGTAAGA_S160_R2_001.fastq.gz	mm10	Rev_PB
4-01	4-01_Rev	R2	/shared/gcf/r.schep/6236/fastq_files/6236_160_4-01_Rev_CGAGGCTG-GAGCCTTA_S166_R2_001.fastq.gz	mm10	Rev_PB
4-02	4-02_Rev	R2	/shared/gcf/r.schep/6236/fastq_files/6236_161_4-02_Rev_CGAGGCTG-TTATGCGA_S141_R2_001.fastq.gz	mm10	Rev_PB
4-06	4-06_Rev	R2	/shared/gcf/r.schep/6236/fastq_files/6236_162_4-06_Rev_CGAGGCTG-TATCCTCT_S167_R2_001.fastq.gz	mm10	Rev_PB
4-08	4-08_Rev	R2	/shared/gcf/r.schep/6236/fastq_files/6236_163_4-08_Rev_AAGAGGCA-TCTCTCCG_S165_R2_001.fastq.gz	mm10	Rev_PB
4-09	4-09_Rev	R2	/shared/gcf/r.schep/6236/fastq_files/6236_164_4-09_Rev_AAGAGGCA-TCGACTAG_S148_R2_001.fastq.gz	mm10	Rev_PB
4-10	4-10_Rev	R2	/shared/gcf/r.schep/6236/fastq_files/6236_165_4-10_Rev_AAGAGGCA-TTCTAGCT_S171_R2_001.fastq.gz	mm10	Rev_PB
4-11	4-11_Rev	R2	/shared/gcf/r.schep/6236/fastq_files/6236_166_4-11_Rev_AAGAGGCA-CCTAGAGT_S170_R2_001.fastq.gz	mm10	Rev_PB
4-12	4-12_Rev	R2	/shared/gcf/r.schep/6236/fastq_files/6236_167_4-12_Rev_AAGAGGCA-GCGTAAGA_S154_R2_001.fastq.gz	mm10	Rev_PB
4-13	4-13_Rev	R2	/shared/gcf/r.schep/6236/fastq_files/6236_168_4-13_Rev_AAGAGGCA-GAGCCTTA_S169_R2_001.fastq.gz	mm10	Rev_PB
4-14	4-14_Rev	R2	/shared/gcf/r.schep/6236/fastq_files/6236_169_4-14_Rev_AAGAGGCA-TTATGCGA_S172_R2_001.fastq.gz	mm10	Rev_PB
4-15	4-15_Rev	R2	/shared/gcf/r.schep/6236/fastq_files/6236_170_4-15_Rev_AAGAGGCA-TATCCTCT_S159_R2_001.fastq.gz	mm10	Rev_PB
4-16	4-16_Rev	R2	/shared/gcf/r.schep/6236/fastq_files/6236_171_4-16_Rev_GTAGAGGA-TCTCTCCG_S173_R2_001.fastq.gz	mm10	Rev_PB
4-17	4-17_Rev	R2	/shared/gcf/r.schep/6236/fastq_files/6236_172_4-17_Rev_GTAGAGGA-TCGACTAG_S164_R2_001.fastq.gz	mm10	Rev_PB
4-18	4-18_Rev	R2	/shared/gcf/r.schep/6236/fastq_files/6236_173_4-18_Rev_GTAGAGGA-TTCTAGCT_S174_R2_001.fastq.gz	mm10	Rev_PB
4-19	4-19_Rev	R2	/shared/gcf/r.schep/6236/fastq_files/6236_174_4-19_Rev_GTAGAGGA-CCTAGAGT_S168_R2_001.fastq.gz	mm10	Rev_PB
4-20	4-20_Rev	R2	/shared/gcf/r.schep/6236/fastq_files/6236_175_4-20_Rev_GTAGAGGA-GCGTAAGA_S175_R2_001.fastq.gz	mm10	Rev_PB
4-21	4-21_Rev	R2	/shared/gcf/r.schep/6236/fastq_files/6236_176_4-21_Rev_GTAGAGGA-GAGCCTTA_S176_R2_001.fastq.gz	mm10	Rev_PB
4-22	4-22_Rev	R2	/shared/gcf/r.schep/6236/fastq_files/6236_177_4-22_Rev_GTAGAGGA-TTATGCGA_S177_R2_001.fastq.gz	mm10	Rev_PB
4-23	4-23_Rev	R2	/shared/gcf/r.schep/6236/fastq_files/6236_178_4-23_Rev_GTAGAGGA-TATCCTCT_S178_R2_001.fastq.gz	mm10	Rev_PB
4-24	4-24_Rev	R2	/shared/gcf/r.schep/6236/fastq_files/6236_179_4-24_Rev_GCTCATGA-TCTCTCCG_S179_R2_001.fastq.gz	mm10	Rev_PB
RSTP2_B	RSTP2_B_Rev	R2	/shared/gcf/r.schep/6236/fastq_files/6236_180_RSTP2_B_GCTCATGA-TCGACTAG_S180_R2_001.fastq.gz	hg38	Rev_PB
1-02	1-02_Rev	R2	/shared/gcf/r.schep/6236/fastq_files/6236_92_1-02_Rev_TAAGGCGA-TCGACTAG_S3_R2_001.fastq.gz	mm10	Rev_PB
1-03	1-03_Rev	R2	/shared/gcf/r.schep/6236/fastq_files/6236_93_1-03_Rev_TAAGGCGA-TTCTAGCT_S6_R2_001.fastq.gz	mm10	Rev_PB
1-04	1-04_Rev	R2	/shared/gcf/r.schep/6236/fastq_files/6236_94_1-04_Rev_TAAGGCGA-CCTAGAGT_S106_R2_001.fastq.gz	mm10	Rev_PB
1-05	1-05_Rev	R2	/shared/gcf/r.schep/6236/fastq_files/6236_95_1-05_Rev_TAAGGCGA-GCGTAAGA_S10_R2_001.fastq.gz	mm10	Rev_PB
1-06	1-06_Rev	R2	/shared/gcf/r.schep/6236/fastq_files/6236_96_1-06_Rev_TAAGGCGA-GAGCCTTA_S107_R2_001.fastq.gz	mm10	Rev_PB
1-07	1-07_Rev	R2	/shared/gcf/r.schep/6236/fastq_files/6236_97_1-07_Rev_TAAGGCGA-TTATGCGA_S109_R2_001.fastq.gz	mm10	Rev_PB
1-08	1-08_Rev	R2	/shared/gcf/r.schep/6236/fastq_files/6236_98_1-08_Rev_TAAGGCGA-TATCCTCT_S15_R2_001.fastq.gz	mm10	Rev_PB
1-09	1-09_Rev	R2	/shared/gcf/r.schep/6236/fastq_files/6236_99_1-09_Rev_CGTACTAG-TCTCTCCG_S110_R2_001.fastq.gz	mm10	Rev_PB
1-10	1-10_Fwd	R2	/shared/gcf/r.schep/6236/fastq_files/6236_10_1-10_Fwd_CGTACTAG-CTCTCTAT_S11_R2_001.fastq.gz	mm10	For_PB
1-11	1-11_Fwd	R2	/shared/gcf/r.schep/6236/fastq_files/6236_11_1-11_Fwd_CGTACTAG-AGAGTAGA_S17_R2_001.fastq.gz	mm10	For_PB
1-12	1-12_Fwd	R2	/shared/gcf/r.schep/6236/fastq_files/6236_12_1-12_Fwd_CGTACTAG-GTAAGGAG_S18_R2_001.fastq.gz	mm10	For_PB
1-13	1-13_Fwd	R2	/shared/gcf/r.schep/6236/fastq_files/6236_13_1-13_Fwd_CGTACTAG-ACTGCATA_S19_R2_001.fastq.gz	mm10	For_PB
1-14	1-14_Fwd	R2	/shared/gcf/r.schep/6236/fastq_files/6236_14_1-14_Fwd_CGTACTAG-AAGGAGTA_S20_R2_001.fastq.gz	mm10	For_PB
1-15	1-15_Fwd	R2	/shared/gcf/r.schep/6236/fastq_files/6236_15_1-15_Fwd_CGTACTAG-CTAAGCCT_S16_R2_001.fastq.gz	mm10	For_PB
1-16	1-16_Fwd	R2	/shared/gcf/r.schep/6236/fastq_files/6236_16_1-16_Fwd_CGTACTAG-CGTCTAAT_S23_R2_001.fastq.gz	mm10	For_PB
1-17	1-17_Fwd	R2	/shared/gcf/r.schep/6236/fastq_files/6236_17_1-17_Fwd_AGGCAGAA-TAGATCGC_S24_R2_001.fastq.gz	mm10	For_PB
1-19	1-19_Fwd	R2	/shared/gcf/r.schep/6236/fastq_files/6236_18_1-19_Fwd_AGGCAGAA-CTCTCTAT_S25_R2_001.fastq.gz	mm10	For_PB
1-20	1-20_Fwd	R2	/shared/gcf/r.schep/6236/fastq_files/6236_19_1-20_Fwd_AGGCAGAA-AGAGTAGA_S26_R2_001.fastq.gz	mm10	For_PB
1-21	1-21_Fwd	R2	/shared/gcf/r.schep/6236/fastq_files/6236_20_1-21_Fwd_AGGCAGAA-GTAAGGAG_S27_R2_001.fastq.gz	mm10	For_PB
1-01	1-01_Fwd	R2	/shared/gcf/r.schep/6236/fastq_files/6236_1_1-01_Fwd_TAAGGCGA-TAGATCGC_S2_R2_001.fastq.gz	mm10	For_PB
1-22	1-22_Fwd	R2	/shared/gcf/r.schep/6236/fastq_files/6236_21_1-22_Fwd_AGGCAGAA-ACTGCATA_S22_R2_001.fastq.gz	mm10	For_PB
1-23	1-23_Fwd	R2	/shared/gcf/r.schep/6236/fastq_files/6236_22_1-23_Fwd_AGGCAGAA-AAGGAGTA_S30_R2_001.fastq.gz	mm10	For_PB
1-24	1-24_Fwd	R2	/shared/gcf/r.schep/6236/fastq_files/6236_23_1-24_Fwd_AGGCAGAA-CTAAGCCT_S31_R2_001.fastq.gz	mm10	For_PB
2-01	2-01_Fwd	R2	/shared/gcf/r.schep/6236/fastq_files/6236_24_2-01_Fwd_AGGCAGAA-CGTCTAAT_S32_R2_001.fastq.gz	mm10	For_PB
2-02	2-02_Fwd	R2	/shared/gcf/r.schep/6236/fastq_files/6236_25_2-02_Fwd_TCCTGAGC-TAGATCGC_S33_R2_001.fastq.gz	mm10	For_PB
2-03	2-03_Fwd	R2	/shared/gcf/r.schep/6236/fastq_files/6236_26_2-03_Fwd_TCCTGAGC-CTCTCTAT_S34_R2_001.fastq.gz	mm10	For_PB
2-04	2-04_Fwd	R2	/shared/gcf/r.schep/6236/fastq_files/6236_27_2-04_Fwd_TCCTGAGC-AGAGTAGA_S35_R2_001.fastq.gz	mm10	For_PB
2-05	2-05_Fwd	R2	/shared/gcf/r.schep/6236/fastq_files/6236_28_2-05_Fwd_TCCTGAGC-GTAAGGAG_S29_R2_001.fastq.gz	mm10	For_PB
2-06	2-06_Fwd	R2	/shared/gcf/r.schep/6236/fastq_files/6236_29_2-06_Fwd_TCCTGAGC-ACTGCATA_S38_R2_001.fastq.gz	mm10	For_PB
2-07	2-07_Fwd	R2	/shared/gcf/r.schep/6236/fastq_files/6236_30_2-07_Fwd_TCCTGAGC-AAGGAGTA_S39_R2_001.fastq.gz	mm10	For_PB
2-08	2-08_Fwd	R2	/shared/gcf/r.schep/6236/fastq_files/6236_31_2-08_Fwd_TCCTGAGC-CTAAGCCT_S40_R2_001.fastq.gz	mm10	For_PB
2-09	2-09_Fwd	R2	/shared/gcf/r.schep/6236/fastq_files/6236_32_2-09_Fwd_TCCTGAGC-CGTCTAAT_S41_R2_001.fastq.gz	mm10	For_PB
2-10	2-10_Fwd	R2	/shared/gcf/r.schep/6236/fastq_files/6236_33_2-10_Fwd_TAGGCATG-TAGATCGC_S42_R2_001.fastq.gz	mm10	For_PB
2-11	2-11_Fwd	R2	/shared/gcf/r.schep/6236/fastq_files/6236_34_2-11_Fwd_TAGGCATG-CTCTCTAT_S43_R2_001.fastq.gz	mm10	For_PB
2-13	2-13_Fwd	R2	/shared/gcf/r.schep/6236/fastq_files/6236_35_2-13_Fwd_TAGGCATG-AGAGTAGA_S44_R2_001.fastq.gz	mm10	For_PB
2-14	2-14_Fwd	R2	/shared/gcf/r.schep/6236/fastq_files/6236_36_2-14_Fwd_TAGGCATG-GTAAGGAG_S37_R2_001.fastq.gz	mm10	For_PB
2-15	2-15_Fwd	R2	/shared/gcf/r.schep/6236/fastq_files/6236_37_2-15_Fwd_TAGGCATG-ACTGCATA_S47_R2_001.fastq.gz	mm10	For_PB
2-16	2-16_Fwd	R2	/shared/gcf/r.schep/6236/fastq_files/6236_38_2-16_Fwd_TAGGCATG-AAGGAGTA_S48_R2_001.fastq.gz	mm10	For_PB
2-17	2-17_Fwd	R2	/shared/gcf/r.schep/6236/fastq_files/6236_39_2-17_Fwd_TAGGCATG-CTAAGCCT_S49_R2_001.fastq.gz	mm10	For_PB
2-18	2-18_Fwd	R2	/shared/gcf/r.schep/6236/fastq_files/6236_40_2-18_Fwd_TAGGCATG-CGTCTAAT_S50_R2_001.fastq.gz	mm10	For_PB
2-19	2-19_Fwd	R2	/shared/gcf/r.schep/6236/fastq_files/6236_41_2-19_Fwd_CTCTCTAC-TAGATCGC_S51_R2_001.fastq.gz	mm10	For_PB
2-20	2-20_Fwd	R2	/shared/gcf/r.schep/6236/fastq_files/6236_42_2-20_Fwd_CTCTCTAC-CTCTCTAT_S52_R2_001.fastq.gz	mm10	For_PB
2-21	2-21_Fwd	R2	/shared/gcf/r.schep/6236/fastq_files/6236_43_2-21_Fwd_CTCTCTAC-AGAGTAGA_S53_R2_001.fastq.gz	mm10	For_PB
2-22	2-22_Fwd	R2	/shared/gcf/r.schep/6236/fastq_files/6236_44_2-22_Fwd_CTCTCTAC-GTAAGGAG_S54_R2_001.fastq.gz	mm10	For_PB
2-23	2-23_Fwd	R2	/shared/gcf/r.schep/6236/fastq_files/6236_45_2-23_Fwd_CTCTCTAC-ACTGCATA_S46_R2_001.fastq.gz	mm10	For_PB
2-24	2-24_Fwd	R2	/shared/gcf/r.schep/6236/fastq_files/6236_46_2-24_Fwd_CTCTCTAC-AAGGAGTA_S57_R2_001.fastq.gz	mm10	For_PB
3-01	3-01_Fwd	R2	/shared/gcf/r.schep/6236/fastq_files/6236_47_3-01_Fwd_CTCTCTAC-CTAAGCCT_S58_R2_001.fastq.gz	mm10	For_PB
3-02	3-02_Fwd	R2	/shared/gcf/r.schep/6236/fastq_files/6236_48_3-02_Fwd_CTCTCTAC-CGTCTAAT_S59_R2_001.fastq.gz	mm10	For_PB
3-03	3-03_Fwd	R2	/shared/gcf/r.schep/6236/fastq_files/6236_49_3-03_Fwd_CAGAGAGG-TAGATCGC_S60_R2_001.fastq.gz	mm10	For_PB
3-04	3-04_Fwd	R2	/shared/gcf/r.schep/6236/fastq_files/6236_50_3-04_Fwd_CAGAGAGG-CTCTCTAT_S61_R2_001.fastq.gz	mm10	For_PB
3-05	3-05_Fwd	R2	/shared/gcf/r.schep/6236/fastq_files/6236_51_3-05_Fwd_CAGAGAGG-AGAGTAGA_S62_R2_001.fastq.gz	mm10	For_PB
3-06	3-06_Fwd	R2	/shared/gcf/r.schep/6236/fastq_files/6236_52_3-06_Fwd_CAGAGAGG-GTAAGGAG_S63_R2_001.fastq.gz	mm10	For_PB
3-07	3-07_Fwd	R2	/shared/gcf/r.schep/6236/fastq_files/6236_53_3-07_Fwd_CAGAGAGG-ACTGCATA_S64_R2_001.fastq.gz	mm10	For_PB
3-09	3-09_Fwd	R2	/shared/gcf/r.schep/6236/fastq_files/6236_54_3-09_Fwd_CAGAGAGG-AAGGAGTA_S65_R2_001.fastq.gz	mm10	For_PB
3-10	3-10_Fwd	R2	/shared/gcf/r.schep/6236/fastq_files/6236_55_3-10_Fwd_CAGAGAGG-CTAAGCCT_S56_R2_001.fastq.gz	mm10	For_PB
3-11	3-11_Fwd	R2	/shared/gcf/r.schep/6236/fastq_files/6236_56_3-11_Fwd_CAGAGAGG-CGTCTAAT_S68_R2_001.fastq.gz	mm10	For_PB
3-12	3-12_Fwd	R2	/shared/gcf/r.schep/6236/fastq_files/6236_57_3-12_Fwd_GCTACGCT-TAGATCGC_S69_R2_001.fastq.gz	mm10	For_PB
3-13	3-13_Fwd	R2	/shared/gcf/r.schep/6236/fastq_files/6236_58_3-13_Fwd_GCTACGCT-CTCTCTAT_S70_R2_001.fastq.gz	mm10	For_PB
3-14	3-14_Fwd	R2	/shared/gcf/r.schep/6236/fastq_files/6236_59_3-14_Fwd_GCTACGCT-AGAGTAGA_S71_R2_001.fastq.gz	mm10	For_PB
3-15	3-15_Fwd	R2	/shared/gcf/r.schep/6236/fastq_files/6236_60_3-15_Fwd_GCTACGCT-GTAAGGAG_S72_R2_001.fastq.gz	mm10	For_PB
3-16	3-16_Fwd	R2	/shared/gcf/r.schep/6236/fastq_files/6236_61_3-16_Fwd_GCTACGCT-ACTGCATA_S73_R2_001.fastq.gz	mm10	For_PB
3-17	3-17_Fwd	R2	/shared/gcf/r.schep/6236/fastq_files/6236_62_3-17_Fwd_GCTACGCT-AAGGAGTA_S74_R2_001.fastq.gz	mm10	For_PB
3-18	3-18_Fwd	R2	/shared/gcf/r.schep/6236/fastq_files/6236_63_3-18_Fwd_GCTACGCT-CTAAGCCT_S75_R2_001.fastq.gz	mm10	For_PB
3-19	3-19_Fwd	R2	/shared/gcf/r.schep/6236/fastq_files/6236_64_3-19_Fwd_GCTACGCT-CGTCTAAT_S76_R2_001.fastq.gz	mm10	For_PB
3-20	3-20_Fwd	R2	/shared/gcf/r.schep/6236/fastq_files/6236_65_3-20_Fwd_CGAGGCTG-TAGATCGC_S77_R2_001.fastq.gz	mm10	For_PB
3-21	3-21_Fwd	R2	/shared/gcf/r.schep/6236/fastq_files/6236_66_3-21_Fwd_CGAGGCTG-CTCTCTAT_S67_R2_001.fastq.gz	mm10	For_PB
3-22	3-22_Fwd	R2	/shared/gcf/r.schep/6236/fastq_files/6236_67_3-22_Fwd_CGAGGCTG-AGAGTAGA_S80_R2_001.fastq.gz	mm10	For_PB
3-23	3-23_Fwd	R2	/shared/gcf/r.schep/6236/fastq_files/6236_68_3-23_Fwd_CGAGGCTG-GTAAGGAG_S81_R2_001.fastq.gz	mm10	For_PB
3-24	3-24_Fwd	R2	/shared/gcf/r.schep/6236/fastq_files/6236_69_3-24_Fwd_CGAGGCTG-ACTGCATA_S82_R2_001.fastq.gz	mm10	For_PB
4-01	4-01_Fwd	R2	/shared/gcf/r.schep/6236/fastq_files/6236_70_4-01_Fwd_CGAGGCTG-AAGGAGTA_S83_R2_001.fastq.gz	mm10	For_PB
4-02	4-02_Fwd	R2	/shared/gcf/r.schep/6236/fastq_files/6236_71_4-02_Fwd_CGAGGCTG-CTAAGCCT_S84_R2_001.fastq.gz	mm10	For_PB
4-06	4-06_Fwd	R2	/shared/gcf/r.schep/6236/fastq_files/6236_72_4-06_Fwd_CGAGGCTG-CGTCTAAT_S85_R2_001.fastq.gz	mm10	For_PB
4-08	4-08_Fwd	R2	/shared/gcf/r.schep/6236/fastq_files/6236_73_4-08_Fwd_AAGAGGCA-TAGATCGC_S86_R2_001.fastq.gz	mm10	For_PB
4-09	4-09_Fwd	R2	/shared/gcf/r.schep/6236/fastq_files/6236_74_4-09_Fwd_AAGAGGCA-CTCTCTAT_S87_R2_001.fastq.gz	mm10	For_PB
4-10	4-10_Fwd	R2	/shared/gcf/r.schep/6236/fastq_files/6236_75_4-10_Fwd_AAGAGGCA-AGAGTAGA_S88_R2_001.fastq.gz	mm10	For_PB
4-11	4-11_Fwd	R2	/shared/gcf/r.schep/6236/fastq_files/6236_76_4-11_Fwd_AAGAGGCA-GTAAGGAG_S89_R2_001.fastq.gz	mm10	For_PB
4-12	4-12_Fwd	R2	/shared/gcf/r.schep/6236/fastq_files/6236_77_4-12_Fwd_AAGAGGCA-ACTGCATA_S90_R2_001.fastq.gz	mm10	For_PB
4-13	4-13_Fwd	R2	/shared/gcf/r.schep/6236/fastq_files/6236_78_4-13_Fwd_AAGAGGCA-AAGGAGTA_S79_R2_001.fastq.gz	mm10	For_PB
4-14	4-14_Fwd	R2	/shared/gcf/r.schep/6236/fastq_files/6236_79_4-14_Fwd_AAGAGGCA-CTAAGCCT_S96_R2_001.fastq.gz	mm10	For_PB
4-15	4-15_Fwd	R2	/shared/gcf/r.schep/6236/fastq_files/6236_80_4-15_Fwd_AAGAGGCA-CGTCTAAT_S97_R2_001.fastq.gz	mm10	For_PB
4-16	4-16_Fwd	R2	/shared/gcf/r.schep/6236/fastq_files/6236_81_4-16_Fwd_GTAGAGGA-TAGATCGC_S99_R2_001.fastq.gz	mm10	For_PB
4-17	4-17_Fwd	R2	/shared/gcf/r.schep/6236/fastq_files/6236_82_4-17_Fwd_GTAGAGGA-CTCTCTAT_S100_R2_001.fastq.gz	mm10	For_PB
4-18	4-18_Fwd	R2	/shared/gcf/r.schep/6236/fastq_files/6236_83_4-18_Fwd_GTAGAGGA-AGAGTAGA_S102_R2_001.fastq.gz	mm10	For_PB
4-19	4-19_Fwd	R2	/shared/gcf/r.schep/6236/fastq_files/6236_84_4-19_Fwd_GTAGAGGA-GTAAGGAG_S103_R2_001.fastq.gz	mm10	For_PB
4-20	4-20_Fwd	R2	/shared/gcf/r.schep/6236/fastq_files/6236_85_4-20_Fwd_GTAGAGGA-ACTGCATA_S101_R2_001.fastq.gz	mm10	For_PB
4-21	4-21_Fwd	R2	/shared/gcf/r.schep/6236/fastq_files/6236_86_4-21_Fwd_GTAGAGGA-AAGGAGTA_S98_R2_001.fastq.gz	mm10	For_PB
4-22	4-22_Fwd	R2	/shared/gcf/r.schep/6236/fastq_files/6236_87_4-22_Fwd_GTAGAGGA-CTAAGCCT_S95_R2_001.fastq.gz	mm10	For_PB
4-23	4-23_Fwd	R2	/shared/gcf/r.schep/6236/fastq_files/6236_88_4-23_Fwd_GTAGAGGA-CGTCTAAT_S93_R2_001.fastq.gz	mm10	For_PB
4-24	4-24_Fwd	R2	/shared/gcf/r.schep/6236/fastq_files/6236_89_4-24_Fwd_GCTCATGA-TAGATCGC_S94_R2_001.fastq.gz	mm10	For_PB
RSTP2_B	RSTP2_B_Fwd	R2	/shared/gcf/r.schep/6236/fastq_files/6236_90_RSTP2_B_Fwd_GCTCATGA-CTCTCTAT_S92_R2_001.fastq.gz	hg38	For_PB
1-02	1-02_Fwd	R2	/shared/gcf/r.schep/6236/fastq_files/6236_2_1-02_Fwd_TAAGGCGA-CTCTCTAT_S5_R2_001.fastq.gz	mm10	For_PB
1-03	1-03_Fwd	R2	/shared/gcf/r.schep/6236/fastq_files/6236_3_1-03_Fwd_TAAGGCGA-AGAGTAGA_S4_R2_001.fastq.gz	mm10	For_PB
1-04	1-04_Fwd	R2	/shared/gcf/r.schep/6236/fastq_files/6236_4_1-04_Fwd_TAAGGCGA-GTAAGGAG_S8_R2_001.fastq.gz	mm10	For_PB
1-05	1-05_Fwd	R2	/shared/gcf/r.schep/6236/fastq_files/6236_5_1-05_Fwd_TAAGGCGA-ACTGCATA_S9_R2_001.fastq.gz	mm10	For_PB
1-06	1-06_Fwd	R2	/shared/gcf/r.schep/6236/fastq_files/6236_6_1-06_Fwd_TAAGGCGA-AAGGAGTA_S7_R2_001.fastq.gz	mm10	For_PB
1-07	1-07_Fwd	R2	/shared/gcf/r.schep/6236/fastq_files/6236_7_1-07_Fwd_TAAGGCGA-CTAAGCCT_S12_R2_001.fastq.gz	mm10	For_PB
1-08	1-08_Fwd	R2	/shared/gcf/r.schep/6236/fastq_files/6236_8_1-08_Fwd_TAAGGCGA-CGTCTAAT_S13_R2_001.fastq.gz	mm10	For_PB
1-09	1-09_Fwd	R2	/shared/gcf/r.schep/6236/fastq_files/6236_9_1-09_Fwd_CGTACTAG-TAGATCGC_S14_R2_001.fastq.gz	mm10	For_PB
