file	Sample_name	Transposon	structure	celltype	genome	construct_type	mate
6297_1_F1_1_3_colony_SB_Fw_TAAGGCGA-TAGATCGC_S2_R1_001.fastq.gz	F1_1.3_colony_SB_Fw	SleepingBeauty	For_SB	F121/9_mESCs	mm10	SB	R1
6297_2_F1_1_3_B2_SB_Fw_TAAGGCGA-CTCTCTAT_S5_R1_001.fastq.gz	F1_1.3_B2_SB_Fw	SleepingBeauty	For_SB	F121/9_mESCs	mm10	SB	R1
6297_3_F1_1_3_B12_SB_Fw_TAAGGCGA-TATCCTCT_S4_R1_001.fastq.gz	F1_1.3_B12_SB_Fw	SleepingBeauty	For_SB	F121/9_mESCs	mm10	SB	R1
6297_4_F1_2_7_colony_SB_Fw_TAAGGCGA-AGAGTAGA_S8_R1_001.fastq.gz	F1_2.7_colony_SB_Fw	SleepingBeauty	For_SB	F121/9_mESCs	mm10	SB	R1
6297_5_F1_2_7_A6_SB_Fw_TAAGGCGA-GTAAGGAG_S9_R1_001.fastq.gz	F1_2.7_A6_SB_Fw	SleepingBeauty	For_SB	F121/9_mESCs	mm10	SB	R1
6297_6_F1_2_7_A7_SB_Fw_TAAGGCGA-ACTGCATA_S7_R1_001.fastq.gz	F1_2.7_A7_SB_Fw	SleepingBeauty	For_SB	F121/9_mESCs	mm10	SB	R1
6297_7_F1_2_7_A10_SB_Fw_TAAGGCGA-AAGGAGTA_S14_R1_001.fastq.gz	F1_2.7_A10_SB_Fw	SleepingBeauty	For_SB	F121/9_mESCs	mm10	SB	R1
6297_8_F1_2_7_B10_SB_Fw_TAAGGCGA-CTAAGCCT_S13_R1_001.fastq.gz	F1_2.7_B10_SB_Fw	SleepingBeauty	For_SB	F121/9_mESCs	mm10	SB	R1
6297_9_F1_2_7_F12_SB_Fw_TAAGGCGA-CGTCTAAT_S12_R1_001.fastq.gz	F1_2.7_F12_SB_Fw	SleepingBeauty	For_SB	F121/9_mESCs	mm10	SB	R1
6297_10_F1_2_7_hop_SB_Fw_TAAGGCGA-TCTCTCCG_S11_R1_001.fastq.gz	F1_2.7_hop_SB_Fw	SleepingBeauty	For_SB	F121/9_mESCs	mm10	SB	R1
6297_15_F1_2_7_colony_SB_Rv_CGTACTAG-AGAGTAGA_S1_R1_001.fastq.gz	F1_2.7_colony_SB_Rv	SleepingBeauty	Rev_SB	F121/9_mESCs	mm10	SB	R1
6297_16_F1_2_7_A6_SB_Rv_CGTACTAG-GTAAGGAG_S3_R1_001.fastq.gz	F1_2.7_A6_SB_Rv	SleepingBeauty	Rev_SB	F121/9_mESCs	mm10	SB	R1
6297_17_F1_2_7_A7_SB_Rv_CGTACTAG-ACTGCATA_S16_R1_001.fastq.gz	F1_2.7_A7_SB_Rv	SleepingBeauty	Rev_SB	F121/9_mESCs	mm10	SB	R1
6297_18_F1_2_7_A10_SB_Rv_CGTACTAG-AAGGAGTA_S6_R1_001.fastq.gz	F1_2.7_A10_SB_Rv	SleepingBeauty	Rev_SB	F121/9_mESCs	mm10	SB	R1
6297_19_F1_2_7_B10_SB_Rv_CGTACTAG-CTAAGCCT_S17_R1_001.fastq.gz	F1_2.7_B10_SB_Rv	SleepingBeauty	Rev_SB	F121/9_mESCs	mm10	SB	R1
6297_20_F1_2_7_F12_SB_Rv_CGTACTAG-CGTCTAAT_S10_R1_001.fastq.gz	F1_2.7_F12_SB_Rv	SleepingBeauty	Rev_SB	F121/9_mESCs	mm10	SB	R1
6297_21_F1_2_7_hop_SB_Rv_CGTACTAG-TCTCTCCG_S18_R1_001.fastq.gz	F1_2.7_hop_SB_Rv	SleepingBeauty	Rev_SB	F121/9_mESCs	mm10	SB	R1
6297_1_F1_1_3_colony_SB_Fw_TAAGGCGA-TAGATCGC_S2_R2_001.fastq.gz	F1_1.3_colony_SB_Fw	SleepingBeauty	For_SB	F121/9_mESCs	mm10	SB	R2
6297_2_F1_1_3_B2_SB_Fw_TAAGGCGA-CTCTCTAT_S5_R2_001.fastq.gz	F1_1.3_B2_SB_Fw	SleepingBeauty	For_SB	F121/9_mESCs	mm10	SB	R2
6297_3_F1_1_3_B12_SB_Fw_TAAGGCGA-TATCCTCT_S4_R2_001.fastq.gz	F1_1.3_B12_SB_Fw	SleepingBeauty	For_SB	F121/9_mESCs	mm10	SB	R2
6297_4_F1_2_7_colony_SB_Fw_TAAGGCGA-AGAGTAGA_S8_R2_001.fastq.gz	F1_2.7_colony_SB_Fw	SleepingBeauty	For_SB	F121/9_mESCs	mm10	SB	R2
6297_5_F1_2_7_A6_SB_Fw_TAAGGCGA-GTAAGGAG_S9_R2_001.fastq.gz	F1_2.7_A6_SB_Fw	SleepingBeauty	For_SB	F121/9_mESCs	mm10	SB	R2
6297_6_F1_2_7_A7_SB_Fw_TAAGGCGA-ACTGCATA_S7_R2_001.fastq.gz	F1_2.7_A7_SB_Fw	SleepingBeauty	For_SB	F121/9_mESCs	mm10	SB	R2
6297_7_F1_2_7_A10_SB_Fw_TAAGGCGA-AAGGAGTA_S14_R2_001.fastq.gz	F1_2.7_A10_SB_Fw	SleepingBeauty	For_SB	F121/9_mESCs	mm10	SB	R2
6297_8_F1_2_7_B10_SB_Fw_TAAGGCGA-CTAAGCCT_S13_R2_001.fastq.gz	F1_2.7_B10_SB_Fw	SleepingBeauty	For_SB	F121/9_mESCs	mm10	SB	R2
6297_9_F1_2_7_F12_SB_Fw_TAAGGCGA-CGTCTAAT_S12_R2_001.fastq.gz	F1_2.7_F12_SB_Fw	SleepingBeauty	For_SB	F121/9_mESCs	mm10	SB	R2
6297_10_F1_2_7_hop_SB_Fw_TAAGGCGA-TCTCTCCG_S11_R2_001.fastq.gz	F1_2.7_hop_SB_Fw	SleepingBeauty	For_SB	F121/9_mESCs	mm10	SB	R2
6297_15_F1_2_7_colony_SB_Rv_CGTACTAG-AGAGTAGA_S1_R2_001.fastq.gz	F1_2.7_colony_SB_Rv	SleepingBeauty	Rev_SB	F121/9_mESCs	mm10	SB	R2
6297_16_F1_2_7_A6_SB_Rv_CGTACTAG-GTAAGGAG_S3_R2_001.fastq.gz	F1_2.7_A6_SB_Rv	SleepingBeauty	Rev_SB	F121/9_mESCs	mm10	SB	R2
6297_17_F1_2_7_A7_SB_Rv_CGTACTAG-ACTGCATA_S16_R2_001.fastq.gz	F1_2.7_A7_SB_Rv	SleepingBeauty	Rev_SB	F121/9_mESCs	mm10	SB	R2
6297_18_F1_2_7_A10_SB_Rv_CGTACTAG-AAGGAGTA_S6_R2_001.fastq.gz	F1_2.7_A10_SB_Rv	SleepingBeauty	Rev_SB	F121/9_mESCs	mm10	SB	R2
6297_19_F1_2_7_B10_SB_Rv_CGTACTAG-CTAAGCCT_S17_R2_001.fastq.gz	F1_2.7_B10_SB_Rv	SleepingBeauty	Rev_SB	F121/9_mESCs	mm10	SB	R2
6297_20_F1_2_7_F12_SB_Rv_CGTACTAG-CGTCTAAT_S10_R2_001.fastq.gz	F1_2.7_F12_SB_Rv	SleepingBeauty	Rev_SB	F121/9_mESCs	mm10	SB	R2
6297_21_F1_2_7_hop_SB_Rv_CGTACTAG-TCTCTCCG_S18_R2_001.fastq.gz	F1_2.7_hop_SB_Rv	SleepingBeauty	Rev_SB	F121/9_mESCs	mm10	SB	R2
